img_id,version,version_name,ambiguous,assigned_category,source,detected,human_dominant,model_dominant,dominant_agreement,cosine_similarity,mean_absolute_error,jensen_shannon_divergence,human_entropy,model_entropy,entropy_difference
10_fear,b,Blur,False,fear,FER,True,disgust,fear,False,0.7245395540034949,0.11177804455115382,0.23941143230833187,0.6745648480136628,0.6011115376332772,-0.0734533103803856
10_fear,g,Greyscale,False,fear,FER,True,disgust,fear,False,0.7001949453663004,0.1237828464719221,0.2541194681605227,0.6745648480136628,0.5437127269678228,-0.13085212104584
10_fear,l,Low resolution,False,fear,FER,True,disgust,fear,False,0.5933881923203916,0.15506808784119705,0.34432992682504426,0.6745648480136628,0.5382332912576012,-0.13633155675606157
10_fear,o,Original,False,fear,FER,True,disgust,fear,False,0.7001949453663004,0.1237828464719221,0.2541194681605227,0.6745648480136628,0.5437127269678228,-0.13085212104584
11_happy,b,Blur,False,happy,FER,True,happy,happy,True,0.992690446228782,0.043650793650793655,0.08095148453836337,0.3008374418188144,-0.0,-0.3008374418188144
11_happy,g,Greyscale,False,happy,FER,True,happy,happy,True,0.9928149719103412,0.03968253968253967,0.07334136271636701,0.3008374418188144,0.05078564492850158,-0.2500517968903128
11_happy,l,Low resolution,False,happy,FER,True,happy,happy,True,0.992690446228782,0.043650793650793655,0.08095148453836337,0.3008374418188144,-0.0,-0.3008374418188144
11_happy,o,Original,False,happy,FER,True,happy,happy,True,0.9928149719103412,0.03968253968253967,0.07334136271636701,0.3008374418188144,0.05078564492850158,-0.2500517968903128
12_neutral,b,Blur,True,neutral,FER,True,angry,neutral,False,0.7069660582585919,0.1440974866717441,0.27299021363672066,0.6203887984688098,0.41758926510734856,-0.20279953336146123
12_neutral,g,Greyscale,True,neutral,FER,True,angry,neutral,False,0.7407210256544042,0.12967032967032968,0.2064097280296806,0.6203887984688098,0.5261503939480082,-0.09423840452080157
12_neutral,l,Low resolution,True,neutral,FER,True,angry,neutral,False,0.7074870418056646,0.1356109237297356,0.2532336237247982,0.6203887984688098,0.585363750266156,-0.03502504820265384
12_neutral,o,Original,True,neutral,FER,True,angry,neutral,False,0.7407210256544042,0.12967032967032968,0.2064097280296806,0.6203887984688098,0.5261503939480082,-0.09423840452080157
13_sad,b,Blur,False,sad,FER,True,sad,neutral,False,0.5314318433774091,0.17480931766646052,0.3381490658173503,0.3018417534384897,0.5592089784381372,0.25736722499964754
13_sad,g,Greyscale,False,sad,FER,True,sad,neutral,False,0.4940261949067716,0.18144712430426718,0.36389329370426976,0.3018417534384897,0.5298234428190108,0.22798168938052116
13_sad,l,Low resolution,False,sad,FER,True,sad,neutral,False,0.6259313631154471,0.15573283858998144,0.29193839826261336,0.3018417534384897,0.5154952622335376,0.2136535087950479
13_sad,o,Original,False,sad,FER,True,sad,neutral,False,0.4940261949067716,0.18144712430426718,0.36389329370426976,0.3018417534384897,0.5298234428190108,0.22798168938052116
14_surprise,b,Blur,False,surprise,FER,True,surprise,surprise,True,0.9894855123482174,0.03927640884389189,0.06916756706145012,0.48771733189946814,0.2798557176099946,-0.20786161428947353
14_surprise,g,Greyscale,False,surprise,FER,True,surprise,surprise,True,0.9078108619986376,0.07142857142857144,0.09381337332485323,0.48771733189946814,0.4599879002690068,-0.02772943163046132
14_surprise,l,Low resolution,False,surprise,FER,True,surprise,surprise,True,0.9908625648523883,0.0305612516138832,0.050576682567424446,0.48771733189946814,0.3454069280167353,-0.14231040388273286
14_surprise,o,Original,False,surprise,FER,True,surprise,surprise,True,0.9078108619986376,0.07142857142857144,0.09381337332485323,0.48771733189946814,0.4599879002690068,-0.02772943163046132
15_angry,b,Blur,True,angry,FER,True,angry,angry,True,0.8897259159182052,0.10256659694861943,0.18101476502696137,0.476864671086191,0.6024091824195631,0.12554451133337208
15_angry,g,Greyscale,True,angry,FER,True,angry,neutral,False,0.5265340714229595,0.181123595505618,0.358809817298268,0.476864671086191,0.655386407520658,0.178521736434467
15_angry,l,Low resolution,True,angry,FER,True,angry,neutral,False,0.44530620215880606,0.18914668352870598,0.3719908687319541,0.476864671086191,0.6127671134491329,0.1359024423629419
15_angry,o,Original,True,angry,FER,True,angry,neutral,False,0.5265340714229595,0.181123595505618,0.358809817298268,0.476864671086191,0.655386407520658,0.178521736434467
16_disgust,b,Blur,False,disgust,FER,True,disgust,angry,False,0.2433263522051746,0.22472663139329807,0.558301418523799,0.31361938353741503,0.7179124101569305,0.4042930266195155
16_disgust,g,Greyscale,False,disgust,FER,True,disgust,angry,False,0.17885896984325597,0.23857623857623853,0.595207935256183,0.31361938353741503,0.25103691166692527,-0.06258247187048976
16_disgust,l,Low resolution,False,disgust,FER,True,disgust,angry,False,0.17300585055869816,0.24455026455026455,0.6396747781721144,0.31361938353741503,0.369443509238965,0.05582412570154999
16_disgust,o,Original,False,disgust,FER,True,disgust,angry,False,0.17885896984325597,0.23857623857623853,0.595207935256183,0.31361938353741503,0.25103691166692527,-0.06258247187048976
17_fear,b,Blur,True,fear,FER,True,fear,angry,False,0.7194673012303892,0.1079883381924198,0.21726913531394898,0.735930086004117,0.7836543293694305,0.047724243365313446
17_fear,g,Greyscale,True,fear,FER,True,fear,angry,False,0.6555684852074776,0.10478134110787171,0.20438074637106007,0.735930086004117,0.7903642646625975,0.05443417865848044
17_fear,l,Low resolution,True,fear,FER,True,fear,angry,False,0.5334704378153485,0.1450220823831654,0.26703226167667965,0.735930086004117,0.8435552838849119,0.10762519788079483
17_fear,o,Original,True,fear,FER,True,fear,angry,False,0.6555684852074776,0.10478134110787171,0.20438074637106007,0.735930086004117,0.7903642646625975,0.05443417865848044
18_happy,b,Blur,True,happy,FER,True,happy,happy,True,0.9826022835213766,0.037883354339050546,0.05086097675732748,0.5203464968592858,0.3396430477971586,-0.1807034490621272
18_happy,g,Greyscale,True,happy,FER,True,happy,happy,True,0.9962185434886628,0.022430452810199654,0.035335218766656254,0.5203464968592858,0.38067246842993846,-0.13967402842934734
18_happy,l,Low resolution,True,happy,FER,True,happy,happy,True,0.9943973289207048,0.022459312839059664,0.04069687387796411,0.5203464968592858,0.4064844404158286,-0.1138620564434572
18_happy,o,Original,True,happy,FER,True,happy,happy,True,0.9962185434886628,0.022430452810199654,0.035335218766656254,0.5203464968592858,0.38067246842993846,-0.13967402842934734
19_neutral,b,Blur,True,neutral,FER,True,neutral,neutral,True,0.9135602011308348,0.06390434961863534,0.06712789218365849,0.689061871655755,0.693382314512931,0.004320442857175921
19_neutral,g,Greyscale,True,neutral,FER,True,neutral,neutral,True,0.9140773911500242,0.05833848690991549,0.0677207449981811,0.689061871655755,0.6347252532409577,-0.05433661841479731
19_neutral,l,Low resolution,True,neutral,FER,True,neutral,neutral,True,0.9569847048144761,0.05333333333333333,0.04576820305077303,0.689061871655755,0.5918083747918903,-0.09725349686386475
19_neutral,o,Original,True,neutral,FER,True,neutral,neutral,True,0.9140773911500242,0.05833848690991549,0.0677207449981811,0.689061871655755,0.6347252532409577,-0.05433661841479731
1_angry,b,Blur,False,angry,FER,True,angry,sad,False,0.9361958350010807,0.06582210242587601,0.10905400087538157,0.6305518118074886,0.541160093427366,-0.08939171838012261
1_angry,g,Greyscale,False,angry,FER,True,angry,angry,True,0.9464384910117545,0.0797462495575703,0.11411776480954253,0.6305518118074886,0.34075388211499974,-0.2897979296924889
1_angry,l,Low resolution,False,angry,FER,True,angry,angry,True,0.9577709620873271,0.054779601949413274,0.1146692354857283,0.6305518118074886,0.5436742825374891,-0.08687752926999959
1_angry,o,Original,False,angry,FER,True,angry,angry,True,0.9464384910117545,0.0797462495575703,0.11411776480954253,0.6305518118074886,0.34075388211499974,-0.2897979296924889
20_sad,b,Blur,True,sad,FER,True,disgust,sad,False,0.7758813637291906,0.08735930735930737,0.1896381888617501,0.7074267116257014,0.7007987624649291,-0.006627949160772251
20_sad,g,Greyscale,True,sad,FER,True,disgust,sad,False,0.6951407227081775,0.12484848484848486,0.2447909538996226,0.7074267116257014,0.5341221941749497,-0.1733045174507517
20_sad,l,Low resolution,True,sad,FER,True,disgust,sad,False,0.6340845619696756,0.15056277056277056,0.29331606478120276,0.7074267116257014,0.3905592384027518,-0.31686747322294956
20_sad,o,Original,True,sad,FER,True,disgust,sad,False,0.6951407227081775,0.12484848484848486,0.2447909538996226,0.7074267116257014,0.5341221941749497,-0.1733045174507517
21_surprise,b,Blur,False,surprise,FER,True,surprise,surprise,True,0.9910298046331252,0.03969363969363969,0.07310230520441492,0.31257727734806184,0.0697842903062704,-0.24279298704179145
21_surprise,g,Greyscale,False,surprise,FER,True,surprise,surprise,True,0.9461315753154966,0.08835164835164835,0.19531091068145578,0.31257727734806184,0.5011394003055556,0.18856212295749375
21_surprise,l,Low resolution,False,surprise,FER,True,surprise,surprise,True,0.9345222183513695,0.10835164835164836,0.2269565717164152,0.31257727734806184,0.6914347135853844,0.3788574362373226
21_surprise,o,Original,False,surprise,FER,True,surprise,surprise,True,0.9461315753154966,0.08835164835164835,0.19531091068145578,0.31257727734806184,0.5011394003055556,0.18856212295749375
22_angry,b,Blur,False,angry,FER,True,angry,angry,True,0.9897050081337894,0.04571428571428571,0.08495834500081399,0.3582872071852147,0.14338859188588404,-0.21489861529933063
22_angry,g,Greyscale,False,angry,FER,True,angry,angry,True,0.9898975379697653,0.04299858557284301,0.07754003410961177,0.3582872071852147,0.1916380218203478,-0.16664918536486686
22_angry,l,Low resolution,False,angry,FER,True,angry,angry,True,0.9884984182204047,0.03378843378843377,0.0885105994098431,0.3582872071852147,0.35102302040677125,-0.007264186778443427
22_angry,o,Original,False,angry,FER,True,angry,angry,True,0.9898975379697653,0.04299858557284301,0.07754003410961177,0.3582872071852147,0.1916380218203478,-0.16664918536486686
23_disgust,b,Blur,False,disgust,FER,True,disgust,angry,False,0.16181460809137027,0.24652430399834407,0.675267601281337,0.49489316595986577,0.12810395344702977,-0.366789212512836
23_disgust,g,Greyscale,False,disgust,FER,True,disgust,angry,False,0.16203868900398613,0.24629570971034384,0.6733172378848095,0.49489316595986577,0.10135721727118974,-0.39353594868867603
23_disgust,l,Low resolution,False,disgust,FER,True,disgust,angry,False,0.15146897292332037,0.25206771548234963,0.7086521412256346,0.49489316595986577,0.05798174971856262,-0.43691141624130314
23_disgust,o,Original,False,disgust,FER,True,disgust,angry,False,0.16203868900398613,0.24629570971034384,0.6733172378848095,0.49489316595986577,0.10135721727118974,-0.39353594868867603
24_fear,b,Blur,False,fear,FER,True,sad,fear,False,0.5687968746745897,0.18122448979591838,0.3526372151069871,0.6542236128939594,0.2396934409347151,-0.41453017195924424
24_fear,g,Greyscale,False,fear,FER,True,sad,fear,False,0.5672010882996648,0.18408163265306124,0.3605522064069203,0.6542236128939594,0.18027032545175292,-0.47395328744220644
24_fear,l,Low resolution,False,fear,FER,True,sad,fear,False,0.6174354579408964,0.16367759224902081,0.2742669352794077,0.6542236128939594,0.2850113599911956,-0.36921225290276377
24_fear,o,Original,False,fear,FER,True,sad,fear,False,0.5672010882996648,0.18408163265306124,0.3605522064069203,0.6542236128939594,0.18027032545175292,-0.47395328744220644
25_happy,b,Blur,False,happy,FER,True,neutral,neutral,True,0.920053072564027,0.07443897099069512,0.0863016730395019,0.4612388488611847,0.37542660487487806,-0.08581224398630666
25_happy,g,Greyscale,False,happy,FER,True,neutral,neutral,True,0.7768642728447176,0.13510218016875578,0.27578294951964866,0.4612388488611847,0.11387278639839887,-0.34736606246278584
25_happy,l,Low resolution,False,happy,FER,True,neutral,neutral,True,0.8398131179833553,0.10618500273672685,0.13822922436842688,0.4612388488611847,0.2816871858763535,-0.17955166298483122
25_happy,o,Original,False,happy,FER,True,neutral,neutral,True,0.7768642728447176,0.13510218016875578,0.27578294951964866,0.4612388488611847,0.11387278639839887,-0.34736606246278584
26_neutral,b,Blur,False,neutral,FER,False,neutral,,,,,,0.4020020672189465,,
26_neutral,g,Greyscale,False,neutral,FER,False,neutral,,,,,,0.4020020672189465,,
26_neutral,l,Low resolution,False,neutral,FER,False,neutral,,,,,,0.4020020672189465,,
26_neutral,o,Original,False,neutral,FER,False,neutral,,,,,,0.4020020672189465,,
27_sad,b,Blur,False,sad,FER,True,sad,sad,True,0.9889155817530614,0.042480376766091066,0.039136932532381735,0.5084955832967902,0.3535259921053647,-0.15496959119142556
27_sad,g,Greyscale,False,sad,FER,True,sad,sad,True,0.9932911351772433,0.031051805337519636,0.028633864955037894,0.5084955832967902,0.3837681447458969,-0.12472743855089335
27_sad,l,Low resolution,False,sad,FER,True,sad,sad,True,0.9791878602642065,0.057048665620094204,0.054237860021565276,0.5084955832967902,0.25856513310611473,-0.2499304501906755
27_sad,o,Original,False,sad,FER,True,sad,sad,True,0.9932911351772433,0.031051805337519636,0.028633864955037894,0.5084955832967902,0.3837681447458969,-0.12472743855089335
28_surprise,b,Blur,True,surprise,FER,True,surprise,neutral,False,0.5214279630530633,0.16097482764149432,0.2964783479674342,0.5450208937793231,0.7903265053315441,0.24530561155222108
28_surprise,g,Greyscale,True,surprise,FER,True,surprise,fear,False,0.3728937559531828,0.1994548661215328,0.4325921184729072,0.5450208937793231,0.7527191819656454,0.2076982881863223
28_surprise,l,Low resolution,True,surprise,FER,True,surprise,fear,False,0.20738626977249494,0.22498122828155828,0.5560534529451027,0.5450208937793231,0.6191375495661495,0.07411665578682647
28_surprise,o,Original,True,surprise,FER,True,surprise,fear,False,0.3728937559531828,0.1994548661215328,0.4325921184729072,0.5450208937793231,0.7527191819656454,0.2076982881863223
29_angry,b,Blur,False,angry,FER,True,angry,angry,True,0.9681591725360083,0.06857142857142857,0.12465475820037664,0.3800863875310378,0.028779095675118695,-0.3513072918559191
29_angry,g,Greyscale,False,angry,FER,True,angry,angry,True,0.9677430772268684,0.07142857142857142,0.1379253809700299,0.3800863875310378,-0.0,-0.3800863875310378
29_angry,l,Low resolution,False,angry,FER,True,angry,angry,True,0.9684200821165504,0.06577086280056577,0.11404372168451683,0.3800863875310378,0.057039190139609765,-0.323047197391428
29_angry,o,Original,False,angry,FER,True,angry,angry,True,0.9677430772268684,0.07142857142857142,0.1379253809700299,0.3800863875310378,-0.0,-0.3800863875310378
2_disgust,b,Blur,False,disgust,FER,True,disgust,neutral,False,0.15526941031675748,0.20119562976705832,0.57252462693519,0.6155481212335779,0.6644079074146352,0.04885978618105724
2_disgust,g,Greyscale,False,disgust,FER,True,disgust,neutral,False,0.0967816305815561,0.21346938775510202,0.6445211633121133,0.6155481212335779,0.4690985791867654,-0.14644954204681254
2_disgust,l,Low resolution,False,disgust,FER,True,disgust,neutral,False,0.13169475488458493,0.20489795918367346,0.620358492666517,0.6155481212335779,0.6091501488005503,-0.006397972433027643
2_disgust,o,Original,False,disgust,FER,True,disgust,neutral,False,0.0967816305815561,0.21346938775510202,0.6445211633121133,0.6155481212335779,0.4690985791867654,-0.14644954204681254
30_disgust,b,Blur,False,disgust,FER,True,disgust,happy,False,0.41094153720120297,0.16591133004926112,0.3659257788364606,0.8685518670957314,0.7081039483016871,-0.1604479187940443
30_disgust,g,Greyscale,False,disgust,FER,True,disgust,sad,False,0.33552739828575184,0.1976026272577997,0.4906050009016932,0.8685518670957314,0.3313602522309829,-0.5371916148647484
30_disgust,l,Low resolution,False,disgust,FER,True,disgust,happy,False,0.30300061891958635,0.17645320197044337,0.4289770477900131,0.8685518670957314,0.5688147986913379,-0.2997370684043935
30_disgust,o,Original,False,disgust,FER,True,disgust,sad,False,0.33552739828575184,0.1976026272577997,0.4906050009016932,0.8685518670957314,0.3313602522309829,-0.5371916148647484
31_fear,b,Blur,False,fear,FER,True,sad,neutral,False,0.5816810530900628,0.14744237375071886,0.24031170130215163,0.5154434929120605,0.5458499482872485,0.030406455375188046
31_fear,g,Greyscale,False,fear,FER,True,sad,neutral,False,0.7679648463839724,0.11349612198268491,0.16605430652362763,0.5154434929120605,0.5349770556417337,0.019533562729673215
31_fear,l,Low resolution,False,fear,FER,True,sad,neutral,False,0.6610166448641525,0.13072641644070218,0.2055671951246936,0.5154434929120605,0.5481939897864554,0.03275049687439491
31_fear,o,Original,False,fear,FER,True,sad,neutral,False,0.7679648463839724,0.11349612198268491,0.16605430652362763,0.5154434929120605,0.5349770556417337,0.019533562729673215
32_happy,b,Blur,False,happy,FER,True,happy,neutral,False,0.6883059627103452,0.12285714285714285,0.13797292209517614,0.31392215223886444,0.29973575111458944,-0.014186401124274994
32_happy,g,Greyscale,False,happy,FER,True,happy,neutral,False,0.7905715136547298,0.09999999999999999,0.09606260519991001,0.31392215223886444,0.38574416563094566,0.07182201339208122
32_happy,l,Low resolution,False,happy,FER,True,happy,neutral,False,0.5412329914502542,0.15959595959595957,0.25158302071822014,0.31392215223886444,0.2658063497970705,-0.04811580244179392
32_happy,o,Original,False,happy,FER,True,happy,neutral,False,0.7905715136547298,0.09999999999999999,0.09606260519991001,0.31392215223886444,0.38574416563094566,0.07182201339208122
33_neutral,b,Blur,False,neutral,FER,True,neutral,neutral,True,0.9896083995018694,0.03928687799655541,0.06483303088631263,0.2852033664521,0.34070726291764225,0.05550389646554227
33_neutral,g,Greyscale,False,neutral,FER,True,neutral,neutral,True,0.7412228912849016,0.13870967741935483,0.2494334188171447,0.2852033664521,0.5195962086565253,0.23439284220442536
33_neutral,l,Low resolution,False,neutral,FER,True,neutral,neutral,True,0.9928242020803113,0.025415444770283475,0.05646381039699371,0.2852033664521,0.2181426719417018,-0.06706069451039817
33_neutral,o,Original,False,neutral,FER,True,neutral,neutral,True,0.7412228912849016,0.13870967741935483,0.2494334188171447,0.2852033664521,0.5195962086565253,0.23439284220442536
34_sad,b,Blur,False,sad,FER,True,sad,sad,True,0.8113972312957668,0.10747252747252747,0.2514049173650005,0.5717328261890499,0.6255894943003595,0.053856668111309625
34_sad,g,Greyscale,False,sad,FER,True,sad,sad,True,0.9141014469923616,0.0731868131868132,0.1969819342335299,0.5717328261890499,0.5383485531688074,-0.033384273020242494
34_sad,l,Low resolution,False,sad,FER,True,sad,sad,True,0.8623881012996715,0.10747252747252747,0.25638820380004135,0.5717328261890499,0.6508605545378642,0.07912772834881432
34_sad,o,Original,False,sad,FER,True,sad,sad,True,0.9141014469923616,0.0731868131868132,0.1969819342335299,0.5717328261890499,0.5383485531688074,-0.033384273020242494
35_surprise,b,Blur,False,surprise,FER,True,surprise,surprise,True,0.9980733587142706,0.022675736961451254,0.040865723711650745,0.16990997991728315,-0.0,-0.16990997991728315
35_surprise,g,Greyscale,False,surprise,FER,True,surprise,surprise,True,0.9985438785304512,0.019818594104308394,0.02641050100988306,0.16990997991728315,0.028779095675118695,-0.14113088424216447
35_surprise,l,Low resolution,False,surprise,FER,True,surprise,surprise,True,0.9985438785304512,0.019818594104308394,0.02641050100988306,0.16990997991728315,0.028779095675118695,-0.14113088424216447
35_surprised,o,Original,False,surprised,FER,False,,,,,,,,,
3_fear,b,Blur,False,fear,FER,True,surprise,surprise,True,0.8413103385306038,0.11440993788819877,0.16107300468218788,0.5749763015046525,0.19856348787542116,-0.37641281362923135
3_fear,g,Greyscale,False,fear,FER,True,surprise,surprise,True,0.9532588687909924,0.06208670556496644,0.08385879205133283,0.5749763015046525,0.3194305816911289,-0.2555457198135236
3_fear,l,Low resolution,False,fear,FER,True,surprise,surprise,True,0.9656075647729004,0.04397515527950312,0.08989580867022484,0.5749763015046525,0.5940711738847032,0.019094872380050698
3_fear,o,Original,False,fear,FER,True,surprise,surprise,True,0.9532588687909924,0.06208670556496644,0.08385879205133283,0.5749763015046525,0.3194305816911289,-0.2555457198135236
4_happy,b,Blur,True,happy,FER,True,happy,happy,True,0.6734766815516258,0.17882352941176474,0.37855364141386366,0.8449995380586719,0.1432591180553338,-0.7017404200033381
4_happy,g,Greyscale,True,happy,FER,True,happy,happy,True,0.6865230103440675,0.17282064340887868,0.3616332504067508,0.8449995380586719,0.16819725249797327,-0.6768022855606987
4_happy,l,Low resolution,True,happy,FER,True,happy,happy,True,0.6370487269658041,0.1959663865546218,0.45070168343442585,0.8449995380586719,0.050382137801854486,-0.7946174002568174
4_happy,o,Original,True,happy,FER,True,happy,happy,True,0.6865230103440675,0.17282064340887868,0.3616332504067508,0.8449995380586719,0.16819725249797327,-0.6768022855606987
5_neutral,b,Blur,False,neutral,FER,False,neutral,,,,,,0.5731520789424683,,
5_neutral,g,Greyscale,False,neutral,FER,True,neutral,neutral,True,0.9787746136374805,0.043149457802923154,0.05728677814363344,0.5731520789424683,0.6426908078986994,0.06953872895623103
5_neutral,l,Low resolution,False,neutral,FER,False,neutral,,,,,,0.5731520789424683,,
5_neutral,o,Original,False,neutral,FER,True,neutral,neutral,True,0.9787746136374805,0.043149457802923154,0.05728677814363344,0.5731520789424683,0.6426908078986994,0.06953872895623103
6_sad,b,Blur,False,sad,FER,True,sad,neutral,False,0.8542288959599755,0.08585858585858586,0.10725181397318423,0.5318199544465974,0.6279263782968252,0.09610642385022783
6_sad,g,Greyscale,False,sad,FER,True,sad,sad,True,0.976582248512738,0.04936507936507937,0.050414294900608884,0.5318199544465974,0.4312022503745931,-0.10061770407200427
6_sad,l,Low resolution,False,sad,FER,True,sad,sad,True,0.9674478551437394,0.050952380952380964,0.09448438510343099,0.5318199544465974,0.470428539755646,-0.06139141469095133
6_sad,o,Original,False,sad,FER,True,sad,sad,True,0.976582248512738,0.04936507936507937,0.050414294900608884,0.5318199544465974,0.4312022503745931,-0.10061770407200427
7_surprise,b,Blur,True,surprise,FER,True,surprise,neutral,False,0.8310995772198501,0.08694083694083694,0.07791772098967112,0.6661660067841048,0.7985071658757383,0.13234115909163358
7_surprise,g,Greyscale,True,surprise,FER,False,surprise,,,,,,0.6661660067841048,,
7_surprise,l,Low resolution,True,surprise,FER,True,surprise,neutral,False,0.720535647156886,0.11291486291486293,0.12541770587847162,0.6661660067841048,0.7414928917527833,0.07532688496867856
7_surprise,o,Original,True,surprise,FER,False,surprise,,,,,,0.6661660067841048,,
8_angry,b,Blur,False,angry,FER,True,angry,angry,True,0.9033076416076627,0.11353383458646614,0.18648422476667453,0.6004571859687355,0.12643377723631002,-0.47402340873242554
8_angry,g,Greyscale,False,angry,FER,True,angry,angry,True,0.9072824109177,0.10496240601503759,0.18213347499620697,0.6004571859687355,0.16637776594940257,-0.434079420019333
8_angry,l,Low resolution,False,angry,FER,False,angry,,,,,,0.6004571859687355,,
8_angry,o,Original,False,angry,FER,True,angry,angry,True,0.9072824109177,0.10496240601503759,0.18213347499620697,0.6004571859687355,0.16637776594940257,-0.434079420019333
9_disgust,b,Blur,False,disgust,FER,True,disgust,angry,False,0.34128831023788986,0.20429906542056073,0.5115490219032668,0.6883281260795775,0.6381198753004398,-0.05020825077913771
9_disgust,g,Greyscale,False,disgust,FER,True,disgust,angry,False,0.3542115730877758,0.19460931406892357,0.49021081791015964,0.6883281260795775,0.648768398952542,-0.03955972712703548
9_disgust,l,Low resolution,False,disgust,FER,True,disgust,neutral,False,0.21039444729150056,0.21275505387654922,0.638915105025819,0.6883281260795775,0.6654619716972474,-0.022866154382330084
9_disgust,o,Original,False,disgust,FER,True,disgust,angry,False,0.3542115730877758,0.19460931406892357,0.49021081791015964,0.6883281260795775,0.648768398952542,-0.03955972712703548
10_fear,b,Blur,False,fear,DeepFace,True,disgust,surprise,False,0.6114047241057421,0.14481841444522292,0.32760142028865563,0.6745648480136628,0.6039796736403005,-0.07058517437336231
10_fear,g,Greyscale,False,fear,DeepFace,True,disgust,fear,False,0.7105175800877132,0.12835887242859592,0.2684891867664835,0.6745648480136628,0.28343455650349997,-0.3911302915101628
10_fear,l,Low resolution,False,fear,DeepFace,True,disgust,fear,False,0.7602995061836345,0.10691005059643577,0.23829406666406922,0.6745648480136628,0.5517571449101588,-0.12280770310350397
10_fear,o,Original,False,fear,DeepFace,True,disgust,fear,False,0.7135013545283221,0.1266598174691055,0.26678617586418896,0.6745648480136628,0.2867805030092883,-0.3877843450043745
11_happy,b,Blur,False,happy,DeepFace,True,happy,happy,True,0.9927185370691524,0.043204793037375386,0.07835817605451166,0.3008374418188144,0.018356039538655406,-0.282481402280159
11_happy,g,Greyscale,False,happy,DeepFace,True,happy,happy,True,0.9926880771104388,0.0435319407785133,0.08164167076989787,0.3008374418188144,0.018433931198089504,-0.2824035106207249
11_happy,l,Low resolution,False,happy,DeepFace,True,happy,happy,True,0.9929559756141012,0.0375404290069085,0.06703052998914755,0.3008374418188144,0.08743591744242529,-0.2134015243763891
11_happy,o,Original,False,happy,DeepFace,True,happy,happy,True,0.992688257314613,0.04351948155005903,0.08158258647142741,0.3008374418188144,0.019052636810794468,-0.28178480500801995
12_neutral,b,Blur,True,neutral,DeepFace,True,angry,fear,False,0.538744209406288,0.14754485726318722,0.3562772451882085,0.6203887984688098,0.6751575150361883,0.05476871656737847
12_neutral,g,Greyscale,True,neutral,DeepFace,True,angry,neutral,False,0.7170161286471382,0.14470418601616158,0.2811980089114171,0.6203887984688098,0.42417231220743984,-0.19621648626136995
12_neutral,l,Low resolution,True,neutral,DeepFace,True,angry,neutral,False,0.6317995424739559,0.13144002850029662,0.33776852439050525,0.6203887984688098,0.6640847742314909,0.04369597576268114
12_neutral,o,Original,True,neutral,DeepFace,True,angry,neutral,False,0.7162656134822347,0.1449750802312868,0.2818254452357008,0.6203887984688098,0.41895757048274584,-0.20143122798606394
13_sad,b,Blur,False,sad,DeepFace,True,sad,sad,True,0.7417331329996588,0.13183713789236667,0.2696642270637566,0.3018417534384897,0.3597209936424685,0.05787924020397883
13_sad,g,Greyscale,False,sad,DeepFace,True,sad,neutral,False,0.1805487475609329,0.2402524829384152,0.6320530870815322,0.3018417534384897,0.20310042534926742,-0.09874132808922226
13_sad,l,Low resolution,False,sad,DeepFace,True,sad,neutral,False,0.705036128333475,0.13722607064852604,0.26127116808624523,0.3018417534384897,0.40362810705343444,0.10178635361494476
13_sad,o,Original,False,sad,DeepFace,True,sad,neutral,False,0.1843323760670602,0.2394048883632436,0.6278331114697584,0.3018417534384897,0.20594896783696143,-0.09589278560152825
14_surprise,b,Blur,False,surprise,DeepFace,True,surprise,happy,False,0.05850794313109663,0.23757207178023368,0.8009289339000729,0.48771733189946814,0.3924138953145744,-0.09530343658489376
14_surprise,g,Greyscale,False,surprise,DeepFace,True,surprise,happy,False,0.0035658136951084588,0.280869750897554,0.9583646313194684,0.48771733189946814,0.04661495743080106,-0.44110237446866707
14_surprise,l,Low resolution,False,surprise,DeepFace,True,surprise,fear,False,0.2191717762347358,0.2370175685077927,0.6610326693624688,0.48771733189946814,0.40281063921345583,-0.08490669268601231
14_surprise,o,Original,False,surprise,DeepFace,True,surprise,happy,False,0.003750978487083131,0.28063828506698923,0.9569481423367754,0.48771733189946814,0.04833045573999014,-0.439386876159478
15_angry,b,Blur,True,angry,DeepFace,True,angry,neutral,False,0.29729822992775434,0.2170142921190973,0.49750142477848264,0.476864671086191,0.5711360884694845,0.09427141738329348
15_angry,g,Greyscale,True,angry,DeepFace,True,angry,neutral,False,0.15387623143459223,0.25118105426687626,0.7177372848411425,0.476864671086191,0.030148455759070696,-0.4467162153271203
15_angry,l,Low resolution,True,angry,DeepFace,True,angry,angry,True,0.782980552982093,0.13051193166881853,0.22845701482454817,0.476864671086191,0.616393022759856,0.13952835167366495
15_angry,o,Original,True,angry,DeepFace,True,angry,neutral,False,0.15390706448388636,0.2511476161814903,0.7175108562167403,0.476864671086191,0.030489978751392897,-0.4463746923347981
16_disgust,b,Blur,False,disgust,DeepFace,True,disgust,sad,False,0.02347094741009508,0.253773812803909,0.8368199757801615,0.31361938353741503,0.4405900191720256,0.12697063563461058
16_disgust,g,Greyscale,False,disgust,DeepFace,True,disgust,disgust,True,0.7917685684478345,0.13577504397832904,0.24158700420940465,0.31361938353741503,0.6917125631852544,0.3780931796478394
16_disgust,l,Low resolution,False,disgust,DeepFace,True,disgust,sad,False,0.1711573473735158,0.23026572312334465,0.6141432777204481,0.31361938353741503,0.7747126638361631,0.4610932802987481
16_disgust,o,Original,False,disgust,DeepFace,True,disgust,disgust,True,0.8033792234796083,0.13314617526459943,0.2344315323438531,0.31361938353741503,0.6874704484647934,0.3738510649273784
17_fear,b,Blur,True,fear,DeepFace,True,fear,surprise,False,0.5145684237408867,0.19087765807560225,0.4399118178860273,0.735930086004117,0.47124486871172105,-0.26468521729239597
17_fear,g,Greyscale,True,fear,DeepFace,True,fear,surprise,False,0.5241502588600112,0.19700322700152115,0.45176599641926285,0.735930086004117,0.17462071043614083,-0.5613093755679762
17_fear,l,Low resolution,True,fear,DeepFace,True,fear,angry,False,0.13677935255101428,0.23639936976199277,0.6395776241803519,0.735930086004117,0.34286761837836655,-0.3930624676257505
17_fear,o,Original,True,fear,DeepFace,True,fear,surprise,False,0.523883488836894,0.19715895623971885,0.45311752986269843,0.735930086004117,0.1845914758935204,-0.5513386101105966
18_happy,b,Blur,True,happy,DeepFace,True,happy,neutral,False,0.6812722828091854,0.14872768846126774,0.2556873259864769,0.5203464968592858,0.1394929233649293,-0.3808535734943565
18_happy,g,Greyscale,True,happy,DeepFace,True,happy,neutral,False,0.7592826910608139,0.12450685586339902,0.16427386673125918,0.5203464968592858,0.2395900693749539,-0.28075642748433194
18_happy,l,Low resolution,True,happy,DeepFace,True,happy,neutral,False,0.6872980438132925,0.14875676305325866,0.25245988654821133,0.5203464968592858,0.1356969788116597,-0.3846495180476261
18_happy,o,Original,True,happy,DeepFace,True,happy,neutral,False,0.7554354289836213,0.12566960908350053,0.16729451377989635,0.5203464968592858,0.23727066301286187,-0.28307583384642393
19_neutral,b,Blur,True,neutral,DeepFace,True,neutral,fear,False,0.7215217322754476,0.11580831898561829,0.16187139417652907,0.689061871655755,0.7083720459004292,0.019310174244674183
19_neutral,g,Greyscale,True,neutral,DeepFace,True,neutral,neutral,True,0.8640395937283962,0.0929686583680848,0.13533304790901884,0.689061871655755,0.4625247409793891,-0.22653713067636594
19_neutral,l,Low resolution,True,neutral,DeepFace,True,neutral,neutral,True,0.8996384979980712,0.08173354846415586,0.08906610773533113,0.689061871655755,0.4874664833714508,-0.20159538828430423
19_neutral,o,Original,True,neutral,DeepFace,True,neutral,neutral,True,0.8633401014854349,0.09323167100894938,0.13640926858176156,0.689061871655755,0.4606760040715129,-0.22838586758424217
1_angry,b,Blur,False,angry,DeepFace,True,angry,angry,True,0.8716368157919101,0.12988024007038462,0.23611733991833728,0.6305518118074886,0.07103340416947616,-0.5595184076380125
1_angry,g,Greyscale,False,angry,DeepFace,True,angry,angry,True,0.8635624978420376,0.13525896742094864,0.2719312923873657,0.6305518118074886,0.025413492697188584,-0.6051383191103
1_angry,l,Low resolution,False,angry,DeepFace,True,angry,angry,True,0.8930600641169114,0.11279548544738231,0.15626587376997023,0.6305518118074886,0.19465391429773016,-0.4358978975097585
1_angry,o,Original,False,angry,DeepFace,True,angry,angry,True,0.8635207875691945,0.13528606489084302,0.27216263318651357,0.6305518118074886,0.025159825914887506,-0.6053919858926011
20_sad,b,Blur,True,sad,DeepFace,True,disgust,neutral,False,0.5087562842509903,0.20938679863159232,0.5283104670268279,0.7074267116257014,0.13956895710434955,-0.5678577545213518
20_sad,g,Greyscale,True,sad,DeepFace,True,disgust,neutral,False,0.5131838836225923,0.20609939930875049,0.5030873735440131,0.7074267116257014,0.1993543019760045,-0.5080724096496969
20_sad,l,Low resolution,True,sad,DeepFace,True,disgust,neutral,False,0.5176423288063087,0.2032293615631894,0.4760387389220174,0.7074267116257014,0.1474560163076993,-0.559970695318002
20_sad,o,Original,True,sad,DeepFace,True,disgust,neutral,False,0.5134243464169623,0.2060472949357544,0.5021765182470521,0.7074267116257014,0.1964863836555392,-0.5109403279701622
21_surprise,b,Blur,False,surprise,DeepFace,True,surprise,surprise,True,0.988373503815216,0.03927950661413509,0.0809688315723356,0.31257727734806184,0.17289068827991472,-0.13968658906814713
21_surprise,g,Greyscale,False,surprise,DeepFace,True,surprise,surprise,True,0.990919163002466,0.04267945104155225,0.07400256243408077,0.31257727734806184,0.05047057600299525,-0.2621067013450666
21_surprise,l,Low resolution,False,surprise,DeepFace,True,surprise,surprise,True,0.9910478464907021,0.039548035568951576,0.07273529556607036,0.31257727734806184,0.08411441010767097,-0.2284628672403909
21_surprise,o,Original,False,surprise,DeepFace,True,surprise,surprise,True,0.9909210365989972,0.04265272326653287,0.07397131460735798,0.31257727734806184,0.05066454973603776,-0.2619127276120241
22_angry,b,Blur,False,angry,DeepFace,True,angry,neutral,False,0.5672589430795647,0.15889751557057444,0.4003554251674485,0.3582872071852147,0.45532742418884387,0.09704021700362919
22_angry,g,Greyscale,False,angry,DeepFace,True,angry,neutral,False,0.3920079038208378,0.19880226617409408,0.523607844990109,0.3582872071852147,0.32680643530134795,-0.03148077188386672
22_angry,l,Low resolution,False,angry,DeepFace,True,angry,neutral,False,0.0030335770973013657,0.28461402865173285,0.9822544097518071,0.3582872071852147,0.014331998656607187,-0.3439552085286075
22_angry,o,Original,False,angry,DeepFace,True,angry,neutral,False,0.4158823898704363,0.1944256597299681,0.5090210490535262,0.3582872071852147,0.3339655738920912,-0.02432163329312348
23_disgust,b,Blur,False,disgust,DeepFace,True,disgust,angry,False,0.1414479465624031,0.25760679605326914,0.7593577095661244,0.49489316595986577,0.013687052374756668,-0.4812061135851091
23_disgust,g,Greyscale,False,disgust,DeepFace,True,disgust,angry,False,0.14129486449461018,0.2578127942415895,0.7620614561171553,0.49489316595986577,0.0018830621552779947,-0.49301010380458776
23_disgust,l,Low resolution,False,disgust,DeepFace,True,disgust,angry,False,0.15508259946127456,0.2519773840993009,0.7023206160031515,0.49489316595986577,0.08681375792003447,-0.4080794080398313
23_disgust,o,Original,False,disgust,DeepFace,True,disgust,angry,False,0.14129464045293091,0.2578138287897953,0.762076270091022,0.49489316595986577,0.0018151318239333313,-0.49307803413593243
24_fear,b,Blur,False,fear,DeepFace,True,sad,sad,True,0.8417179235906359,0.11445643704630917,0.2086013893767396,0.6542236128939594,0.25504623450713565,-0.3991773783868237
24_fear,g,Greyscale,False,fear,DeepFace,True,sad,sad,True,0.877428307957151,0.09098747388128449,0.18584781725931987,0.6542236128939594,0.3031218527683981,-0.35110176012556127
24_fear,l,Low resolution,False,fear,DeepFace,True,sad,sad,True,0.8159118082098161,0.1291051442247427,0.23116247656954741,0.6542236128939594,0.21377543070974395,-0.44044818218421544
24_fear,o,Original,False,fear,DeepFace,True,sad,sad,True,0.8781092020612056,0.09046415071078553,0.1854952830723227,0.6542236128939594,0.304066078575234,-0.35015753431872537
25_happy,b,Blur,False,happy,DeepFace,True,neutral,neutral,True,0.7706121837617762,0.13787764514030723,0.2976161742707254,0.4612388488611847,0.013156898316487212,-0.4480819505446975
25_happy,g,Greyscale,False,happy,DeepFace,True,neutral,neutral,True,0.7705504418281163,0.13789421696526222,0.3005072360439274,0.4612388488611847,0.037590604285029854,-0.42364824457615485
25_happy,l,Low resolution,False,happy,DeepFace,True,neutral,neutral,True,0.7703883595086016,0.1378419735105476,0.3073794513638668,0.4612388488611847,0.09792651170836006,-0.3633123371528246
25_happy,o,Original,False,happy,DeepFace,True,neutral,neutral,True,0.7705499446880558,0.13789509260558247,0.3004399932146329,0.4612388488611847,0.036857146004762864,-0.42438170285642185
26_neutral,b,Blur,False,neutral,DeepFace,True,neutral,surprise,False,0.6369549188000434,0.17489336356147397,0.4528234950252958,0.4020020672189465,0.6058261872063747,0.20382411998742822
26_neutral,g,Greyscale,False,neutral,DeepFace,True,neutral,surprise,False,0.08758955726648593,0.2617635444365286,0.8052549648994007,0.4020020672189465,0.31620975061738626,-0.08579231660156023
26_neutral,l,Low resolution,False,neutral,DeepFace,True,neutral,happy,False,0.27551168185220903,0.2202421641018963,0.6036287286806147,0.4020020672189465,0.3366159118609702,-0.06538615535797632
26_neutral,o,Original,False,neutral,DeepFace,True,neutral,surprise,False,0.07935973253000167,0.2634742718651028,0.8163115805055414,0.4020020672189465,0.30476759258443636,-0.09723447463451013
27_sad,b,Blur,False,sad,DeepFace,True,sad,neutral,False,0.3704774885367133,0.18828501192922215,0.3776975430223673,0.5084955832967902,0.437444693225551,-0.07105089007123921
27_sad,g,Greyscale,False,sad,DeepFace,True,sad,sad,True,0.929089856611774,0.06420113616035428,0.07079804271415367,0.5084955832967902,0.4302091792879086,-0.07828640400888165
27_sad,l,Low resolution,False,sad,DeepFace,True,sad,sad,True,0.9960764374649611,0.02375673772047243,0.028606760729937314,0.5084955832967902,0.3835650600637477,-0.12493052323304255
27_sad,o,Original,False,sad,DeepFace,True,sad,sad,True,0.9239740584284306,0.06629938389098597,0.07357021270834861,0.5084955832967902,0.4292564287433071,-0.07923915455348313
28_surprise,b,Blur,True,surprise,DeepFace,True,surprise,fear,False,0.49577691947422414,0.17078810538699019,0.33268614457410195,0.5450208937793231,0.45467593620072516,-0.0903449575785979
28_surprise,g,Greyscale,True,surprise,DeepFace,True,surprise,fear,False,0.15654466416539037,0.23713438050847652,0.6339591171818728,0.5450208937793231,0.3675245381853521,-0.17749635559397098
28_surprise,l,Low resolution,True,surprise,DeepFace,True,surprise,fear,False,0.5537779400614482,0.15867751539506886,0.3050400428814901,0.5450208937793231,0.43637284454892056,-0.1086480492304025
28_surprise,o,Original,True,surprise,DeepFace,True,surprise,fear,False,0.1554911943181843,0.23717443731912824,0.6356798219016856,0.5450208937793231,0.36559177480155325,-0.1794291189777698
29_angry,b,Blur,False,angry,DeepFace,True,angry,angry,True,0.9490991992645197,0.0709049537199107,0.20476346554992092,0.3800863875310378,0.23870228951614092,-0.14138409801489688
29_angry,g,Greyscale,False,angry,DeepFace,True,angry,angry,True,0.9674096505758167,0.07126489363713136,0.1467739513204011,0.3800863875310378,0.06595387027975258,-0.3141325172512852
29_angry,l,Low resolution,False,angry,DeepFace,True,angry,angry,True,0.8396925933845267,0.10406324821051159,0.31013220058843066,0.3800863875310378,0.337459399911183,-0.042626987619854784
29_angry,o,Original,False,angry,DeepFace,True,angry,angry,True,0.9674240223181485,0.07126795519147454,0.14658083308534525,0.3800863875310378,0.06489351428356739,-0.3151928732474704
2_disgust,b,Blur,False,disgust,DeepFace,True,disgust,angry,False,0.2485423338972562,0.20378334049396168,0.5311565162807168,0.6155481212335779,0.6411290871290185,0.025580965895440566
2_disgust,g,Greyscale,False,disgust,DeepFace,True,disgust,fear,False,0.21005847085959004,0.20317168093370425,0.5480994200653491,0.6155481212335779,0.7587841734455878,0.14323605221200986
2_disgust,l,Low resolution,False,disgust,DeepFace,True,disgust,angry,False,0.2625973003970386,0.20709760285228482,0.5179199524171252,0.6155481212335779,0.5243578640842518,-0.09119025714932616
2_disgust,o,Original,False,disgust,DeepFace,True,disgust,fear,False,0.20736613238163049,0.20315346246514548,0.5506219443010405,0.6155481212335779,0.762480407789438,0.1469322865558601
30_disgust,b,Blur,False,disgust,DeepFace,True,disgust,happy,False,0.2602619728914424,0.20773774886847818,0.5540651651877243,0.8685518670957314,0.3095792906422662,-0.5589725764534652
30_disgust,g,Greyscale,False,disgust,DeepFace,True,disgust,sad,False,0.33770393736150234,0.20214575812552663,0.48929598814474773,0.8685518670957314,0.30251183845833224,-0.5660400286373992
30_disgust,l,Low resolution,False,disgust,DeepFace,True,disgust,sad,False,0.33772177588730945,0.2096666246966868,0.517266454879751,0.8685518670957314,0.2412362422731896,-0.6273156248225418
30_disgust,o,Original,False,disgust,DeepFace,True,disgust,sad,False,0.3384638392681931,0.20121350186366024,0.4883484450382914,0.8685518670957314,0.3059769677780924,-0.5625748993176389
31_fear,b,Blur,False,fear,DeepFace,True,sad,neutral,False,0.1264423515545628,0.25925890658693757,0.7595127381533375,0.5154434929120605,0.015468163378144092,-0.4999753295339164
31_fear,g,Greyscale,False,fear,DeepFace,True,sad,neutral,False,0.12470702223935602,0.25970849712105454,0.7651827340214488,0.5154434929120605,0.011311478846049315,-0.5041320140660112
31_fear,l,Low resolution,False,fear,DeepFace,True,sad,neutral,False,0.12838062522056926,0.25683589921849775,0.7364911731878674,0.5154434929120605,0.04253316761063584,-0.4729103253014246
31_fear,o,Original,False,fear,DeepFace,True,sad,neutral,False,0.12477414826160277,0.25969283963798945,0.7649733998091273,0.5154434929120605,0.011456451950093139,-0.5039870409619673
32_happy,b,Blur,False,happy,DeepFace,True,happy,happy,True,0.9479334722063497,0.06431827837661257,0.06352829116854763,0.31392215223886444,0.13718305362360692,-0.17673909861525752
32_happy,g,Greyscale,False,happy,DeepFace,True,happy,happy,True,0.9405151984906747,0.06997795156146455,0.08033867733815053,0.31392215223886444,0.11090188778455037,-0.20302026445431406
32_happy,l,Low resolution,False,happy,DeepFace,True,happy,happy,True,0.9204153071034393,0.0847924691750679,0.15756162501706078,0.31392215223886444,0.01144259957890675,-0.3024795526599577
32_happy,o,Original,False,happy,DeepFace,True,happy,happy,True,0.9403233493045032,0.07012240086670289,0.08081737106245386,0.31392215223886444,0.11016018876394246,-0.20376196347492198
33_neutral,b,Blur,False,neutral,DeepFace,True,neutral,happy,False,0.057190166648797926,0.25332355263699197,0.7698937908583754,0.2852033664521,0.6606066514161135,0.37540328496401354
33_neutral,g,Greyscale,False,neutral,DeepFace,True,neutral,neutral,True,0.997330645812181,0.023386230799845902,0.035425355437196,0.2852033664521,0.19097608853824505,-0.09422727791385493
33_neutral,l,Low resolution,False,neutral,DeepFace,True,neutral,neutral,True,0.9956516191512204,0.022340570949243344,0.03405252181018009,0.2852033664521,0.29490825542251975,0.009704888970419767
33_neutral,o,Original,False,neutral,DeepFace,True,neutral,neutral,True,0.9973845958079463,0.023511962748840872,0.03539639542102717,0.2852033664521,0.18834355998020533,-0.09685980647189465
34_sad,b,Blur,False,sad,DeepFace,True,sad,sad,True,0.943460432850585,0.08625346773807796,0.15750042645868273,0.5717328261890499,0.25759290425883336,-0.3141399219302165
34_sad,g,Greyscale,False,sad,DeepFace,True,sad,sad,True,0.9324384415864574,0.10616893202640927,0.20550205995977114,0.5717328261890499,0.14341452055328055,-0.42831830563576934
34_sad,l,Low resolution,False,sad,DeepFace,True,sad,sad,True,0.9288054398191468,0.06859901350675815,0.1981621884629588,0.5717328261890499,0.5072462944192219,-0.06448653176982799
34_sad,o,Original,False,sad,DeepFace,True,sad,sad,True,0.9324105441389282,0.10591107797716527,0.20590485565713965,0.5717328261890499,0.15126953337974533,-0.4204632928093045
35_surprise,b,Blur,False,surprise,DeepFace,True,surprise,surprise,True,0.9981444452647825,0.02227340616511716,0.03725545336535982,0.16990997991728315,0.009785643450427718,-0.16012433646685545
35_surprise,g,Greyscale,False,surprise,DeepFace,True,surprise,surprise,True,0.998074615073272,0.022668781905425487,0.04072665343523732,0.16990997991728315,0.00014788962011303992,-0.16976209029717013
35_surprise,l,Low resolution,False,surprise,DeepFace,True,surprise,surprise,True,0.9980771092863475,0.02265495580804808,0.04050702411755021,0.16990997991728315,0.00039987211394851117,-0.16951010780333464
35_surprised,o,Original,False,surprised,DeepFace,True,,surprise,,,,,,0.00014791396044636846,
3_fear,b,Blur,False,fear,DeepFace,True,surprise,surprise,True,0.95600412451836,0.06082055150507264,0.08453229652377486,0.5749763015046525,0.3354666502089774,-0.23950965129567509
3_fear,g,Greyscale,False,fear,DeepFace,True,surprise,fear,False,0.7977547604390647,0.11751402785979917,0.1625414943219894,0.5749763015046525,0.2631824941424019,-0.3117938073622506
3_fear,l,Low resolution,False,fear,DeepFace,True,surprise,surprise,True,0.8882148056834103,0.09436427606552668,0.1212540558802469,0.5749763015046525,0.2620840354233119,-0.31289226608134063
3_fear,o,Original,False,fear,DeepFace,True,surprise,fear,False,0.7997307637419695,0.1168568683631722,0.1611705119259223,0.5749763015046525,0.26512923298508073,-0.3098470685195718
4_happy,b,Blur,True,happy,DeepFace,True,happy,happy,True,0.6898509267978559,0.1580508435502468,0.29394405467310797,0.8449995380586719,0.290054346304106,-0.5549451917545659
4_happy,g,Greyscale,True,happy,DeepFace,True,happy,happy,True,0.630457457878782,0.1988154215153603,0.46752524972288295,0.8449995380586719,0.031955605553925646,-0.8130439325047463
4_happy,l,Low resolution,True,happy,DeepFace,True,happy,happy,True,0.6267410032761165,0.19947886978179524,0.4794885934361427,0.8449995380586719,0.02742958821523058,-0.8175699498434413
4_happy,o,Original,True,happy,DeepFace,True,happy,happy,True,0.630301318824602,0.19889980787922204,0.4682483313293577,0.8449995380586719,0.031178089355434514,-0.8138214487032374
5_neutral,b,Blur,False,neutral,DeepFace,True,neutral,fear,False,0.0716410715894497,0.26308745008909723,0.8192839593295067,0.5731520789424683,0.4015273369268313,-0.17162474201563704
5_neutral,g,Greyscale,False,neutral,DeepFace,True,neutral,surprise,False,0.03810645201020223,0.2715650962221465,0.8805190086777956,0.5731520789424683,0.37952531424744124,-0.1936267646950271
5_neutral,l,Low resolution,False,neutral,DeepFace,True,neutral,fear,False,0.14530284700575438,0.24920059797959923,0.6999900340806624,0.5731520789424683,0.41169982814265194,-0.1614522507998164
5_neutral,o,Original,False,neutral,DeepFace,True,neutral,surprise,False,0.037693636395374805,0.27162755220654483,0.8811743592648003,0.5731520789424683,0.3781208386312102,-0.19503124031125812
6_sad,b,Blur,False,sad,DeepFace,True,sad,fear,False,0.4687442980809987,0.17682551622818657,0.3295628282758477,0.5318199544465974,0.36959695678709586,-0.1622229976595015
6_sad,g,Greyscale,False,sad,DeepFace,True,sad,fear,False,0.5986402164387851,0.15090674557524383,0.24416897083219286,0.5318199544465974,0.47106437635362186,-0.06075557809297549
6_sad,l,Low resolution,False,sad,DeepFace,True,sad,fear,False,0.8381166657200524,0.09209036478050302,0.14797911598397584,0.5318199544465974,0.4826907891560079,-0.04912916529058947
6_sad,o,Original,False,sad,DeepFace,True,sad,fear,False,0.6003493391816721,0.15035191288719477,0.2426290304592548,0.5318199544465974,0.47408187781371725,-0.05773807663288011
7_surprise,b,Blur,True,surprise,DeepFace,True,surprise,sad,False,0.0969581018950053,0.2698391142764493,0.8429453122385934,0.6661660067841048,5.11894748201082e-05,-0.6661148173092847
7_surprise,g,Greyscale,True,surprise,DeepFace,True,surprise,sad,False,0.09696090486414,0.26982981079986695,0.8427624715272357,0.6661660067841048,0.00023448394350874255,-0.665931522840596
7_surprise,l,Low resolution,True,surprise,DeepFace,True,surprise,sad,False,0.09695835597907376,0.2698382914649382,0.8429271458703644,0.6661660067841048,6.876257836685067e-05,-0.6660972442057379
7_surprise,o,Original,True,surprise,DeepFace,True,surprise,sad,False,0.09696058971327577,0.26983092163228484,0.8427824753850925,0.6661660067841048,0.00021384503895517692,-0.6659521617451496
8_angry,b,Blur,False,angry,DeepFace,True,angry,angry,True,0.8942468754055137,0.1274802435222031,0.265931514700827,0.6004571859687355,0.005285784918753243,-0.5951714010499823
8_angry,g,Greyscale,False,angry,DeepFace,True,angry,angry,True,0.8942759749544819,0.12750121713705193,0.26599738236570114,0.6004571859687355,0.005105993885356704,-0.5953511920833788
8_angry,l,Low resolution,False,angry,DeepFace,True,angry,angry,True,0.8962750741047049,0.1217007526633138,0.24163370945966364,0.6004571859687355,0.05331657245412961,-0.547140613514606
8_angry,o,Original,False,angry,DeepFace,True,angry,angry,True,0.8942899645210263,0.12748510619874406,0.26579404065495144,0.6004571859687355,0.005340367705706348,-0.5951168182630292
9_disgust,b,Blur,False,disgust,DeepFace,True,disgust,sad,False,0.14515762015141148,0.2345684482409842,0.6607851211141993,0.6883281260795775,0.4525019044547757,-0.23582622162480177
9_disgust,g,Greyscale,False,disgust,DeepFace,True,disgust,sad,False,0.2968648106769802,0.19959610773183672,0.52429888749382,0.6883281260795775,0.5709400175228335,-0.11738810855674398
9_disgust,l,Low resolution,False,disgust,DeepFace,True,disgust,fear,False,0.26303310856429013,0.20013635915758377,0.5483827402541563,0.6883281260795775,0.5387853323049578,-0.14954279377461965
9_disgust,o,Original,False,disgust,DeepFace,True,disgust,sad,False,0.29918892181458645,0.19957853792128508,0.5230866488990704,0.6883281260795775,0.5694888814251201,-0.11883924465445739
