img_id,version,version_name,ambiguous,assigned_category,r_id,directory,browDownLeft,browDownRight,browInnerUp,browOuterUpLeft,browOuterUpRight,eyeSquintLeft,eyeSquintRight,eyeWideLeft,eyeWideRight,jawOpen,mouthSmileLeft,mouthSmileRight,mouthFrownLeft,mouthFrownRight,mouthPucker,noseSneerLeft,noseSneerRight,cheekSquintLeft,cheekSquintRight,human_pooled_reference_angry,human_pooled_reference_disgust,human_pooled_reference_fear,human_pooled_reference_happy,human_pooled_reference_sad,human_pooled_reference_surprise,human_pooled_reference_neutral,fer_angry,fer_disgust,fer_fear,fer_happy,fer_sad,fer_surprise,fer_neutral,deepface_angry,deepface_disgust,deepface_fear,deepface_happy,deepface_sad,deepface_surprise,deepface_neutral,deepface_human_similarity,fer_human_similarity
10_fear,b,Blur,False,fear,mediapipe,Modified_images,0.0001,0.0001,0.8636,0.6767,0.4355,0.0619,0.0305,0.0608,0.1211,0.0881,0.0023,0.0026,0.1538,0.1479,0.0031,0.0,0.0,0.0,0.0,0.025210084033613446,0.33613445378151263,0.31932773109243695,0.0,0.04201680672268908,0.2773109243697479,0.0,0.18181818181818182,0.0,0.5252525252525253,0.0,0.07070707070707072,0.22222222222222224,0.0,0.3121505850716725,0.0001242548846938087,0.18332316737352294,0.00022694824111296313,0.007167118780141596,0.4664013795039995,0.03060654614485662,0.6114047241057421,0.7245395540034949
10_fear,g,Greyscale,False,fear,mediapipe,Modified_images,0.0001,0.0001,0.8321,0.4878,0.2738,0.0459,0.0275,0.1262,0.2729,0.0788,0.0006,0.0007,0.2488,0.2529,0.0085,0.0,0.0,0.0,0.0,0.025210084033613446,0.33613445378151263,0.31932773109243695,0.0,0.04201680672268908,0.2773109243697479,0.0,0.18181818181818182,0.0,0.5959595959595959,0.0,0.04040404040404041,0.18181818181818182,0.0,0.0016702418130677414,8.419203656475531e-09,0.7685406704645175,3.343605419607232e-05,1.582108882215821e-05,0.2297301440863837,9.678073809116367e-06,0.7105175800877132,0.7001949453663004
10_fear,l,Low resolution,False,fear,mediapipe,Modified_images,0.0001,0.0002,0.7535,0.5429,0.2964,0.11,0.0611,0.0376,0.0805,0.0171,0.0024,0.0036,0.1155,0.1021,0.001,0.0,0.0,0.0,0.0,0.025210084033613446,0.33613445378151263,0.31932773109243695,0.0,0.04201680672268908,0.2773109243697479,0.0,0.31313131313131304,0.0,0.5555555555555555,0.0,0.060606060606060594,0.0707070707070707,0.0,0.1734439512173739,0.0009283218743113424,0.46605629842689184,0.0005853009990715013,0.003037761542365191,0.3528312005365811,0.0031171654034050996,0.7602995061836345,0.5933881923203916
10_fear,o,Original,False,fear,mediapipe,Modified_images,0.0001,0.0001,0.8425,0.4979,0.2728,0.0445,0.0331,0.1178,0.2278,0.0809,0.0009,0.0008,0.266,0.2787,0.008,0.0,0.0,0.0,0.0,0.025210084033613446,0.33613445378151263,0.31932773109243695,0.0,0.04201680672268908,0.2773109243697479,0.0,0.18181818181818182,0.0,0.5959595959595959,0.0,0.04040404040404041,0.18181818181818182,0.0,0.0015595708198397928,7.938112587557995e-09,0.7625947188732751,3.391440343850957e-05,1.4754274529398043e-05,0.23578857473321202,8.458957592567879e-06,0.7135013545283221,0.7001949453663004
11_happy,b,Blur,False,happy,mediapipe,Modified_images,0.0461,0.0461,0.1519,0.0447,0.0304,0.4963,0.5182,0.0026,0.0019,0.0136,0.7987,0.8485,0.0207,0.0131,0.0156,0.0,0.0,0.0,0.0,0.013888888888888888,0.0,0.013888888888888888,0.8472222222222222,0.027777777777777776,0.09722222222222222,0.0,0.0,0.0,0.0,1.0,0.0,0.0,0.0,0.00020700992943006337,6.945128362425696e-07,0.0011146117490617928,0.995044114275268,0.00017721396616734569,6.216650230469674e-05,0.003394189064931854,0.9927185370691524,0.992690446228782
11_happy,g,Greyscale,False,happy,mediapipe,Modified_images,0.0393,0.0426,0.1021,0.0612,0.0374,0.5511,0.5034,0.0031,0.003,0.0152,0.814,0.8389,0.0144,0.01,0.0084,0.0,0.0,0.0,0.0,0.013888888888888888,0.0,0.013888888888888888,0.8472222222222222,0.027777777777777776,0.09722222222222222,0.0,0.020202020202020204,0.0,0.0,0.9797979797979798,0.0,0.0,0.0,0.00014768479700295783,1.0637182660785624e-08,0.000211194535365562,0.9945289465076222,2.3529857506565837e-05,3.357586310612914e-05,0.005055057802213823,0.9926880771104388,0.9928149719103412
11_happy,l,Low resolution,False,happy,mediapipe,Modified_images,0.0239,0.0454,0.1656,0.0398,0.022,0.4187,0.5263,0.005,0.0063,0.0129,0.7522,0.7761,0.1157,0.1026,0.0075,0.0,0.0,0.0,0.0,0.013888888888888888,0.0,0.013888888888888888,0.8472222222222222,0.027777777777777776,0.09722222222222222,0.0,0.0,0.0,0.0,1.0,0.0,0.0,0.0,0.01231894986455792,1.9020688889701957e-06,0.008195998579215583,0.9701320444382387,0.00032538782657974145,0.00054593998324485,0.008479777239274343,0.9929559756141012,0.992690446228782
11_happy,o,Original,False,happy,mediapipe,Modified_images,0.0445,0.047,0.0883,0.0524,0.0342,0.5533,0.5604,0.0033,0.003,0.0131,0.7947,0.8328,0.0238,0.0158,0.0063,0.0,0.0,0.0,0.0,0.013888888888888888,0.0,0.013888888888888888,0.8472222222222222,0.027777777777777776,0.09722222222222222,0.0,0.020202020202020204,0.0,0.0,0.9797979797979798,0.0,0.0,0.0,0.00016544910406816646,1.2454521702728342e-08,0.000231679627921585,0.994329618910318,2.6542840383186273e-05,3.592078019822941e-05,0.005210776282589163,0.992688257314613,0.9928149719103412
12_neutral,b,Blur,True,neutral,mediapipe,Modified_images,0.0047,0.0027,0.0328,0.4503,0.3988,0.2466,0.2564,0.0036,0.0027,0.0005,0.0004,0.0002,0.0013,0.002,0.3029,0.0,0.0,0.0,0.0,0.38461538461538464,0.16923076923076924,0.0,0.0,0.06153846153846154,0.0,0.38461538461538464,0.0297029702970297,0.019801980198019802,0.0891089108910891,0.0,0.0891089108910891,0.0,0.7722772277227723,0.10868445866271337,0.006458259679342366,0.41811546886427287,0.0022558390017737052,0.15617854592166475,0.00139560817190536,0.3069118196983274,0.538744209406288,0.7069660582585919
12_neutral,g,Greyscale,True,neutral,mediapipe,Modified_images,0.0074,0.006,0.0245,0.3541,0.2544,0.2776,0.3031,0.0035,0.0028,0.0003,0.0012,0.0007,0.0038,0.0058,0.2328,0.0,0.0,0.0,0.0,0.38461538461538464,0.16923076923076924,0.0,0.0,0.06153846153846154,0.0,0.38461538461538464,0.05,0.05,0.06,0.0,0.16,0.0,0.68,0.047346837890105006,3.466489948327172e-05,0.07199479650399677,4.912055017624831e-05,0.1348341854462203,0.00018922466580453403,0.7455511700442139,0.7170161286471382,0.7407210256544042
12_neutral,l,Low resolution,True,neutral,mediapipe,Modified_images,0.0081,0.006,0.0415,0.2563,0.2049,0.3305,0.2879,0.0026,0.0016,0.0002,0.0029,0.0019,0.0032,0.0034,0.1262,0.0,0.0,0.0,0.0,0.38461538461538464,0.16923076923076924,0.0,0.0,0.06153846153846154,0.0,0.38461538461538464,0.039603960396039604,0.039603960396039604,0.0891089108910891,0.0,0.25742574257425743,0.0,0.5742574257425742,0.09342008884310134,0.0003859652520143117,0.31440118140958484,0.0013547305796240195,0.20047345875925712,0.0007771176797615735,0.38918745747665684,0.6317995424739559,0.7074870418056646
12_neutral,o,Original,True,neutral,mediapipe,Modified_images,0.0062,0.0041,0.0404,0.3649,0.3045,0.3097,0.3047,0.003,0.0026,0.0003,0.0007,0.0003,0.0025,0.0045,0.4189,0.0,0.0,0.0,0.0,0.38461538461538464,0.16923076923076924,0.0,0.0,0.06153846153846154,0.0,0.38461538461538464,0.05,0.05,0.06,0.0,0.16,0.0,0.68,0.0463999133116352,3.34597250148307e-05,0.07010955482736556,4.916825780513415e-05,0.13306124810724634,0.00018602861177138296,0.7501606271591615,0.7162656134822347,0.7407210256544042
13_sad,b,Blur,False,sad,mediapipe,Modified_images,0.0097,0.0033,0.2147,0.2278,0.2381,0.28,0.1899,0.0049,0.0029,0.0029,0.0,0.0,0.0068,0.0059,0.3761,0.0,0.0,0.0,0.0,0.03896103896103896,0.0,0.06493506493506493,0.0,0.8571428571428571,0.012987012987012988,0.025974025974025976,0.17171717171717174,0.0,0.020202020202020204,0.0,0.30303030303030304,0.0,0.5050505050505051,0.000708704523348192,5.311062249310617e-09,0.00020096685527348768,2.1278566793116285e-07,0.5116863075463984,1.2477670590331743e-08,0.4874037905005792,0.7417331329996588,0.5314318433774091
13_sad,g,Greyscale,False,sad,mediapipe,Modified_images,0.0019,0.001,0.3289,0.4556,0.3751,0.3197,0.2873,0.0076,0.007,0.001,0.0001,0.0001,0.0145,0.0128,0.4163,0.0,0.0,0.0,0.0,0.03896103896103896,0.0,0.06493506493506493,0.0,0.8571428571428571,0.012987012987012988,0.025974025974025976,0.16,0.0,0.01,0.0,0.29,0.0,0.54,0.00028050818739669474,8.057586760657847e-10,0.0001091918303391087,1.9314901891110457e-07,0.13275247714523175,1.0657855319746098e-07,0.8668575223037017,0.1805487475609329,0.4940261949067716
13_sad,l,Low resolution,False,sad,mediapipe,Modified_images,0.0047,0.0026,0.305,0.2906,0.2659,0.307,0.2327,0.0067,0.0056,0.0011,0.0,0.0001,0.0877,0.0558,0.4642,0.0,0.0,0.0,0.0,0.03896103896103896,0.0,0.06493506493506493,0.0,0.8571428571428571,0.012987012987012988,0.025974025974025976,0.11,0.0,0.01,0.0,0.38,0.0,0.5,0.006767650468180358,4.972306544927859e-08,0.011595920299398927,9.927690314373942e-05,0.47528161959224663,8.953639630695449e-05,0.5061659466176579,0.705036128333475,0.6259313631154471
13_sad,o,Original,False,sad,mediapipe,Modified_images,0.0035,0.0019,0.2019,0.4107,0.3248,0.2676,0.2425,0.0069,0.0055,0.0005,0.0001,0.0001,0.0053,0.0046,0.6622,0.0,0.0,0.0,0.0,0.03896103896103896,0.0,0.06493506493506493,0.0,0.8571428571428571,0.012987012987012988,0.025974025974025976,0.16,0.0,0.01,0.0,0.29,0.0,0.54,0.00028385869102959304,8.047322277808481e-10,0.00010835825391826156,1.8585474689046586e-07,0.135716548559067,9.925060652090061e-08,0.8638909485858994,0.1843323760670602,0.4940261949067716
14_surprise,b,Blur,False,surprise,mediapipe,Modified_images,0.0001,0.0,0.6878,0.8989,0.8365,0.0227,0.0049,0.1959,0.1863,0.2372,0.0109,0.0162,0.001,0.0018,0.015,0.0,0.0,0.0,0.0,0.042105263157894736,0.09473684210526316,0.15789473684210525,0.0,0.010526315789473684,0.6947368421052632,0.0,0.009900990099009901,0.0,0.15841584158415842,0.009900990099009901,0.0,0.8217821782178217,0.0,6.0419859576538866e-05,1.369194053371073e-09,0.1970579718400106,0.7271711624150896,0.07167120078615988,1.627490883264181e-05,0.00402296882113667,0.05850794313109663,0.9894855123482174
14_surprise,g,Greyscale,False,surprise,mediapipe,Modified_images,0.0001,0.0,0.6217,0.8803,0.7979,0.0212,0.0075,0.2203,0.1823,0.1863,0.0109,0.015,0.001,0.0019,0.0209,0.0,0.0,0.0,0.0,0.042105263157894736,0.09473684210526316,0.15789473684210525,0.0,0.010526315789473684,0.6947368421052632,0.0,0.05,0.0,0.4,0.0,0.01,0.54,0.0,0.00028003782658002016,6.780621523643928e-12,0.015850092101633226,0.9830412136866753,0.0008240397826656385,1.702140901569383e-06,2.914454763724021e-06,0.0035658136951084588,0.9078108619986376
14_surprise,l,Low resolution,False,surprise,mediapipe,Modified_images,0.0002,0.0,0.565,0.6918,0.6077,0.0226,0.0064,0.1646,0.2031,0.1186,0.0463,0.0655,0.0166,0.0215,0.0139,0.0,0.0,0.0,0.0,0.042105263157894736,0.09473684210526316,0.15789473684210525,0.0,0.010526315789473684,0.6947368421052632,0.0,0.030303030303030304,0.0,0.19191919191919193,0.0,0.010101010101010102,0.7676767676767677,0.0,0.0004100999072596096,6.303730178735595e-07,0.7682033463690441,0.11008136379221624,0.08644908984519559,0.0016067273108689817,0.03324874240239761,0.2191717762347358,0.9908625648523883
14_surprise,o,Original,False,surprise,mediapipe,Modified_images,0.0001,0.0,0.5977,0.843,0.7537,0.0153,0.0041,0.3188,0.2465,0.1842,0.006,0.0092,0.0012,0.0023,0.036,0.0,0.0,0.0,0.0,0.042105263157894736,0.09473684210526316,0.15789473684210525,0.0,0.010526315789473684,0.6947368421052632,0.0,0.05,0.0,0.4,0.0,0.01,0.54,0.0,0.0002971043161412739,7.449365601315265e-12,0.016662211618309077,0.9822309430002559,0.0008047185875610055,1.967736077003337e-06,3.054734206409312e-06,0.003750978487083131,0.9078108619986376
15_angry,b,Blur,True,angry,mediapipe,Modified_images,0.0535,0.0377,0.0012,0.159,0.0925,0.3338,0.1606,0.0111,0.0086,0.0337,0.0,0.0,0.0011,0.001,0.8715,0.0,0.0,0.0,0.0,0.7191011235955056,0.11235955056179775,0.0,0.0,0.033707865168539325,0.02247191011235955,0.11235955056179775,0.494949494949495,0.0,0.05050505050505051,0.0,0.23232323232323235,0.0,0.22222222222222224,0.09435338440010435,1.1548657035272704e-07,0.06122179645503826,3.705624806072075e-05,0.3536770013163293,2.9061966147783086e-05,0.49068158412774926,0.29729822992775434,0.8897259159182052
15_angry,g,Greyscale,True,angry,mediapipe,Modified_images,0.0355,0.0205,0.0028,0.2049,0.1404,0.4958,0.2741,0.0049,0.0041,0.0212,0.0,0.0,0.001,0.001,0.7783,0.0,0.0,0.0,0.0,0.7191011235955056,0.11235955056179775,0.0,0.0,0.033707865168539325,0.02247191011235955,0.11235955056179775,0.22,0.0,0.09,0.0,0.29,0.0,0.4,0.0012249361863342456,3.623979619774024e-12,0.000738804279157149,5.545734818254057e-06,0.007281157220675572,6.660935015257153e-07,0.9907488904818893,0.15387623143459223,0.5265340714229595
15_angry,l,Low resolution,True,angry,mediapipe,Modified_images,0.0804,0.0543,0.0113,0.0915,0.0468,0.5014,0.2574,0.0069,0.0057,0.0337,0.0,0.0,0.0006,0.0009,0.953,0.0,0.0,0.0,0.0,0.7191011235955056,0.11235955056179775,0.0,0.0,0.033707865168539325,0.02247191011235955,0.11235955056179775,0.18181818181818182,0.0,0.05050505050505051,0.0,0.24242424242424243,0.010101010101010102,0.5151515151515151,0.397133264447188,8.336574170801877e-08,0.035099216113260695,1.5223577199097749e-05,0.2875645781933539,7.4756158683739875e-06,0.28018015868738827,0.782980552982093,0.44530620215880606
15_angry,o,Original,True,angry,mediapipe,Modified_images,0.0329,0.0169,0.0024,0.2327,0.1549,0.4706,0.3092,0.0045,0.0041,0.0206,0.0,0.0,0.0006,0.0006,0.8107,0.0,0.0,0.0,0.0,0.7191011235955056,0.11235955056179775,0.0,0.0,0.033707865168539325,0.02247191011235955,0.11235955056179775,0.22,0.0,0.09,0.0,0.29,0.0,0.4,0.0012519640547381963,3.6798482098414566e-12,0.0007446123290864573,5.585872891209833e-06,0.007371166489556697,6.62255011446592e-07,0.9906260089950362,0.15390706448388636,0.5265340714229595
16_disgust,b,Blur,False,disgust,mediapipe,Modified_images,0.3666,0.3296,0.0011,0.0058,0.0125,0.3795,0.5013,0.002,0.0024,0.0789,0.1084,0.1164,0.0,0.0,0.0494,0.0,0.0,0.0,0.0,0.07407407407407407,0.8395061728395061,0.04938271604938271,0.0,0.0,0.037037037037037035,0.0,0.54,0.09,0.09,0.06,0.16,0.0,0.06,0.05963638292058893,0.0027331922836275817,0.16466929680402628,2.4478316010429713e-05,0.7262133651817985,3.936393271917747e-05,0.046683920561229164,0.02347094741009508,0.2433263522051746
16_disgust,g,Greyscale,False,disgust,mediapipe,Modified_images,0.3964,0.2706,0.0008,0.0067,0.0157,0.5521,0.554,0.0042,0.0035,0.1379,0.341,0.2764,0.0,0.0,0.0986,0.0,0.0,0.0,0.0,0.07407407407407407,0.8395061728395061,0.04938271604938271,0.0,0.0,0.037037037037037035,0.0,0.8787878787878788,0.08080808080808081,0.010101010101010102,0.010101010101010102,0.020202020202020204,0.0,0.0,0.2556443655487455,0.40075331188558877,0.094113720259204,3.202059994695025e-05,0.23351125235653508,0.0005772440668027811,0.015368085283176767,0.7917685684478345,0.17885896984325597
16_disgust,l,Low resolution,False,disgust,mediapipe,Modified_images,0.1296,0.1107,0.0053,0.0199,0.0328,0.4516,0.4396,0.005,0.0086,0.0573,0.2855,0.214,0.0007,0.0007,0.0052,0.0,0.0,0.0,0.0,0.07407407407407407,0.8395061728395061,0.04938271604938271,0.0,0.0,0.037037037037037035,0.0,0.79,0.07,0.0,0.12,0.01,0.0,0.01,0.24536770439376296,0.05101087659707482,0.2283172147097228,0.001236887874332676,0.3616966286109724,0.019602302347762144,0.0927683854663722,0.1711573473735158,0.17300585055869816
16_disgust,o,Original,False,disgust,mediapipe,Modified_images,0.3901,0.3144,0.0007,0.0062,0.0114,0.5178,0.6067,0.0041,0.0036,0.1753,0.432,0.3806,0.0,0.0,0.1104,0.0,0.0,0.0,0.0,0.07407407407407407,0.8395061728395061,0.04938271604938271,0.0,0.0,0.037037037037037035,0.0,0.8787878787878788,0.08080808080808081,0.010101010101010102,0.010101010101010102,0.020202020202020204,0.0,0.0,0.25673591780892346,0.4099771330966754,0.09267347194216115,2.9028814983540795e-05,0.22518497433806853,0.0005544633537698224,0.014845010645418169,0.8033792234796083,0.17885896984325597
17_fear,b,Blur,True,fear,mediapipe,Modified_images,0.063,0.0277,0.0027,0.0707,0.1107,0.1583,0.0444,0.0208,0.0481,0.2543,0.0,0.0,0.0,0.0,0.4672,0.0,0.0,0.0,0.0,0.02040816326530612,0.05102040816326531,0.42857142857142855,0.0,0.08163265306122448,0.2755102040816326,0.14285714285714285,0.34,0.0,0.34,0.04,0.1,0.08,0.1,0.26950445461648975,4.890222215397741e-07,0.019968041920775358,0.042517184722804725,0.0020027544585045345,0.6519685312722522,0.014038543986951894,0.5145684237408867,0.7194673012303892
17_fear,g,Greyscale,True,fear,mediapipe,Modified_images,0.0271,0.0105,0.0102,0.1325,0.1654,0.1683,0.0389,0.0341,0.0653,0.2853,0.0,0.0,0.0,0.0,0.1219,0.0,0.0,0.0,0.0,0.02040816326530612,0.05102040816326531,0.42857142857142855,0.0,0.08163265306122448,0.2755102040816326,0.14285714285714285,0.37,0.0,0.2,0.01,0.08,0.19,0.15,0.06133734680076609,9.429871798669503e-08,0.011708960625418171,0.0040592964827490365,0.00019571723126684268,0.9200330185687476,0.0026655659923341575,0.5241502588600112,0.6555684852074776
17_fear,l,Low resolution,True,fear,mediapipe,Modified_images,0.0367,0.0244,0.0171,0.0636,0.0717,0.4624,0.211,0.0084,0.0203,0.2765,0.0006,0.0003,0.0002,0.0002,0.0052,0.0,0.0,0.0,0.0,0.02040816326530612,0.05102040816326531,0.42857142857142855,0.0,0.08163265306122448,0.2755102040816326,0.14285714285714285,0.36633663366336633,0.009900990099009901,0.15841584158415842,0.039603960396039604,0.16831683168316833,0.07920792079207921,0.1782178217821782,0.8266527299780366,2.76226631542297e-07,0.034674348691773,0.021153227454244184,0.0022843285885382853,0.09790306120321758,0.017332027857558916,0.13677935255101428,0.5334704378153485
17_fear,o,Original,True,fear,mediapipe,Modified_images,0.0574,0.0295,0.006,0.0618,0.091,0.1382,0.0586,0.0308,0.066,0.1956,0.0,0.0,0.0,0.0,0.3078,0.0,0.0,0.0,0.0,0.02040816326530612,0.05102040816326531,0.42857142857142855,0.0,0.08163265306122448,0.2755102040816326,0.14285714285714285,0.37,0.0,0.2,0.01,0.08,0.19,0.15,0.06942454026532316,1.1607794980113487e-07,0.011351209209216772,0.004190393751364767,0.00019734747314981,0.9123597801692669,0.002476613053728818,0.523883488836894,0.6555684852074776
18_happy,b,Blur,True,happy,mediapipe,Modified_images,0.0507,0.085,0.0094,0.0545,0.0185,0.3074,0.1821,0.0091,0.0027,0.0007,0.1269,0.305,0.0042,0.0037,0.0008,0.0,0.0,0.0,0.0,0.02531645569620253,0.012658227848101266,0.0,0.4936708860759494,0.05063291139240506,0.0,0.4177215189873418,0.0,0.0,0.0,0.6262626262626263,0.0,0.0,0.37373737373737376,0.00015320590696696023,1.3700570556256525e-08,0.00041259970815407166,0.04632573163973206,0.015252620150951633,5.493658714679699e-05,0.9378008923064779,0.6812722828091854,0.9826022835213766
18_happy,g,Greyscale,True,happy,mediapipe,Modified_images,0.0319,0.0883,0.0069,0.0416,0.0096,0.5504,0.3533,0.0075,0.0018,0.001,0.4364,0.6198,0.0022,0.0014,0.001,0.0,0.0,0.0,0.0,0.02531645569620253,0.012658227848101266,0.0,0.4936708860759494,0.05063291139240506,0.0,0.4177215189873418,0.010101010101010102,0.0,0.0,0.5252525252525253,0.0,0.0,0.4646464646464647,0.0001220943446233458,3.265959964592043e-09,0.00213212553107489,0.14056079700134314,0.005821590878835215,0.0012269237009414685,0.850136465277222,0.7592826910608139,0.9962185434886628
18_happy,l,Low resolution,True,happy,mediapipe,Modified_images,0.026,0.0676,0.0078,0.0964,0.0214,0.3405,0.2112,0.009,0.004,0.0008,0.0432,0.0693,0.0322,0.0492,0.0003,0.0,0.0,0.0,0.0,0.02531645569620253,0.012658227848101266,0.0,0.4936708860759494,0.05063291139240506,0.0,0.4177215189873418,0.01,0.0,0.0,0.5,0.0,0.01,0.48,4.984177013457349e-05,3.3277597334426653e-09,0.0012664467049391984,0.05493803876485567,0.006641926463502885,0.00015737953592291192,0.936946363432885,0.6872980438132925,0.9943973289207048
18_happy,o,Original,True,happy,mediapipe,Modified_images,0.031,0.1071,0.0056,0.0474,0.0087,0.5137,0.3309,0.0063,0.0014,0.0009,0.2961,0.5301,0.0029,0.0019,0.0009,0.0,0.0,0.0,0.0,0.02531645569620253,0.012658227848101266,0.0,0.4936708860759494,0.05063291139240506,0.0,0.4177215189873418,0.010101010101010102,0.0,0.0,0.5252525252525253,0.0,0.0,0.4646464646464647,0.0001384969033552773,3.958069758792969e-09,0.0022527279154441636,0.13593655436353616,0.006359793995445168,0.0012842819193459444,0.8540281409448035,0.7554354289836213,0.9962185434886628
19_neutral,b,Blur,True,neutral,mediapipe,Modified_images,0.075,0.0821,0.0042,0.0606,0.024,0.1951,0.1021,0.0423,0.0224,0.008,0.0,0.0,0.0016,0.0017,0.6748,0.0,0.0,0.0,0.0,0.30952380952380953,0.047619047619047616,0.05952380952380952,0.011904761904761904,0.11904761904761904,0.0,0.4523809523809524,0.20202020202020202,0.0,0.0909090909090909,0.0202020202020202,0.303030303030303,0.0,0.3838383838383838,0.21036453930805613,0.00010260049208993742,0.32755396370656664,0.00043695898130780947,0.25532758704085085,0.001018994273675093,0.20519535619745363,0.7215217322754476,0.9135602011308348
19_neutral,g,Greyscale,True,neutral,mediapipe,Modified_images,0.0422,0.0265,0.0026,0.1043,0.0661,0.347,0.1598,0.0342,0.0186,0.0047,0.0001,0.0001,0.0016,0.0022,0.4673,0.0,0.0,0.0,0.0,0.30952380952380953,0.047619047619047616,0.05952380952380952,0.011904761904761904,0.11904761904761904,0.0,0.4523809523809524,0.21212121212121213,0.0,0.04040404040404041,0.010101010101010102,0.32323232323232326,0.0,0.41414141414141414,0.04360059316828153,2.2770395559097492e-08,0.0825677298248298,5.669882064519471e-05,0.17487096949355305,0.0001783982459771701,0.6987255876763178,0.8640395937283962,0.9140773911500242
19_neutral,l,Low resolution,True,neutral,mediapipe,Modified_images,0.0696,0.0621,0.033,0.0937,0.0337,0.2823,0.1336,0.0203,0.0182,0.0035,0.0001,0.0001,0.004,0.0054,0.335,0.0,0.0,0.0,0.0,0.30952380952380953,0.047619047619047616,0.05952380952380952,0.011904761904761904,0.11904761904761904,0.0,0.4523809523809524,0.19,0.0,0.04,0.02,0.18,0.0,0.57,0.10022447396500613,4.324603389358485e-06,0.03961462287673729,0.0026605875017503525,0.17658320490337176,0.0008318174592455533,0.6800809686904996,0.8996384979980712,0.9569847048144761
19_neutral,o,Original,True,neutral,mediapipe,Modified_images,0.0459,0.0268,0.0028,0.0979,0.0684,0.3273,0.1513,0.0352,0.0233,0.0047,0.0001,0.0001,0.0018,0.0022,0.4994,0.0,0.0,0.0,0.0,0.30952380952380953,0.047619047619047616,0.05952380952380952,0.011904761904761904,0.11904761904761904,0.0,0.4523809523809524,0.21212121212121213,0.0,0.04040404040404041,0.010101010101010102,0.32323232323232326,0.0,0.41414141414141414,0.04267969827402614,2.2255341036115333e-08,0.0823478869643154,5.704998692901631e-05,0.17446580904822362,0.0001780313646080973,0.7002715021065566,0.8633401014854349,0.9140773911500242
1_angry,b,Blur,False,angry,mediapipe,Modified_images,0.3561,0.4951,0.0003,0.0087,0.0021,0.4899,0.351,0.0069,0.0043,0.002,0.0005,0.0005,0.1487,0.1819,0.0685,0.0,0.0,0.0,0.0,0.5188679245283019,0.09433962264150944,0.05660377358490566,0.0,0.2830188679245283,0.04716981132075472,0.0,0.43,0.0,0.08,0.0,0.45,0.0,0.04,0.9728179946036056,4.729779918766801e-06,0.0034839160481996553,2.3404106796756574e-06,0.023058299407159488,4.289990073982033e-06,0.0006284297603627487,0.8716368157919101,0.9361958350010807
1_angry,g,Greyscale,False,angry,mediapipe,Modified_images,0.6025,0.6762,0.0001,0.0019,0.0006,0.6143,0.5366,0.0052,0.0039,0.0016,0.0018,0.0011,0.1348,0.1739,0.0353,0.0,0.0,0.0,0.0,0.5188679245283019,0.09433962264150944,0.05660377358490566,0.0,0.2830188679245283,0.04716981132075472,0.0,0.7777777777777778,0.0,0.020202020202020204,0.0,0.18181818181818182,0.0,0.020202020202020204,0.992239290166455,3.6692378963918826e-05,0.001272463038835603,4.02433444718422e-07,0.006401498377012489,1.5035703565853683e-05,3.461790172243282e-05,0.8635624978420376,0.9464384910117545
1_angry,l,Low resolution,False,angry,mediapipe,Modified_images,0.4476,0.5918,0.0001,0.0039,0.0009,0.631,0.4548,0.0175,0.0088,0.0016,0.0014,0.0016,0.2738,0.318,0.0162,0.0,0.0,0.0,0.0,0.5188679245283019,0.09433962264150944,0.05660377358490566,0.0,0.2830188679245283,0.04716981132075472,0.0,0.47474747474747475,0.0,0.05050505050505051,0.0,0.4040404040404041,0.0,0.07070707070707072,0.911617892493546,0.012502404282258317,0.01300538550448671,1.7733438287155656e-06,0.06081492172224639,2.5164896868634787e-05,0.0020324577567653866,0.8930600641169114,0.9577709620873271
1_angry,o,Original,False,angry,mediapipe,Modified_images,0.6735,0.6899,0.0,0.0013,0.0008,0.6178,0.4923,0.0048,0.0041,0.0011,0.0056,0.0032,0.0989,0.1274,0.0242,0.0,0.0,0.0,0.0,0.5188679245283019,0.09433962264150944,0.05660377358490566,0.0,0.2830188679245283,0.04716981132075472,0.0,0.7777777777777778,0.0,0.020202020202020204,0.0,0.18181818181818182,0.0,0.020202020202020204,0.9923344575987899,3.708888672921272e-05,0.0012643915434148985,3.9783012468304693e-07,0.006314381057528382,1.4986866075004916e-05,3.4296217337840885e-05,0.8635207875691945,0.9464384910117545
20_sad,b,Blur,True,sad,mediapipe,Modified_images,0.0018,0.0028,0.125,0.6732,0.3155,0.3509,0.1206,0.014,0.0079,0.0066,0.0,0.0001,0.0078,0.0103,0.5331,0.0,0.0,0.0,0.0,0.12121212121212122,0.31313131313131315,0.010101010101010102,0.0,0.29292929292929293,0.0,0.26262626262626265,0.16,0.01,0.13,0.01,0.43,0.0,0.26,0.0010411903919265101,5.062626402509305e-09,7.785399968021976e-05,0.06487058387180208,0.0034008927089311585,1.3505225133337678e-07,0.9306093389127823,0.5087562842509903,0.7758813637291906
20_sad,g,Greyscale,True,sad,mediapipe,Modified_images,0.0014,0.0021,0.1922,0.7134,0.2944,0.412,0.2364,0.0091,0.005,0.0034,0.0003,0.0005,0.0108,0.0106,0.5572,0.0,0.0,0.0,0.0,0.12121212121212122,0.31313131313131315,0.010101010101010102,0.0,0.29292929292929293,0.0,0.26262626262626265,0.1,0.0,0.1,0.0,0.64,0.0,0.16,0.005562400475882506,1.0954549327840462e-08,0.00010982397421957515,0.08732444095873469,0.010353604388459205,1.1524976947225657e-07,0.8966496039983852,0.5131838836225923,0.6951407227081775
20_sad,l,Low resolution,True,sad,mediapipe,Modified_images,0.0008,0.001,0.3434,0.726,0.3722,0.3953,0.1871,0.0127,0.0141,0.0024,0.0004,0.0003,0.0523,0.0888,0.3319,0.0,0.0,0.0,0.0,0.12121212121212122,0.31313131313131315,0.010101010101010102,0.0,0.29292929292929293,0.0,0.26262626262626265,0.1,0.0,0.05,0.0,0.78,0.0,0.07,0.01480992051627737,7.988665910410424e-08,9.422402123238012e-05,0.0340856969906658,0.011166747478405617,9.016415598206716e-08,0.9398432409426037,0.5176423288063087,0.6340845619696756
20_sad,o,Original,True,sad,mediapipe,Modified_images,0.0028,0.0037,0.1068,0.6816,0.3072,0.3744,0.2295,0.0109,0.0067,0.0027,0.0011,0.0025,0.0158,0.0124,0.5762,0.0,0.0,0.0,0.0,0.12121212121212122,0.31313131313131315,0.010101010101010102,0.0,0.29292929292929293,0.0,0.26262626262626265,0.1,0.0,0.1,0.0,0.64,0.0,0.16,0.005593528372959798,1.0464000085100342e-08,0.00011063029989561704,0.08458977737389507,0.010504035961741452,1.0925139289882228e-07,0.8992019082761151,0.5134243464169623,0.6951407227081775
21_surprise,b,Blur,False,surprise,mediapipe,Modified_images,0.0045,0.0038,0.4058,0.1765,0.1194,0.0112,0.0047,0.1593,0.3426,0.7483,0.0,0.0,0.0,0.0,0.848,0.0,0.0,0.0,0.0,0.0,0.03076923076923077,0.03076923076923077,0.1076923076923077,0.0,0.8307692307692308,0.0,0.0,0.0,0.030303030303030304,0.0,0.0,0.9696969696969697,0.0,7.916835793842013e-05,2.2877119419234036e-08,0.10129424429541596,0.000983242434946214,2.182996947158007e-07,0.8976428725854085,2.3114947670971766e-07,0.988373503815216,0.9910298046331252
21_surprise,g,Greyscale,False,surprise,mediapipe,Modified_images,0.0011,0.0007,0.6836,0.459,0.3211,0.0103,0.0058,0.3851,0.4899,0.8193,0.0,0.0,0.0,0.0,0.9313,0.0,0.0,0.0,0.0,0.0,0.03076923076923077,0.03076923076923077,0.1076923076923077,0.0,0.8307692307692308,0.0,0.09,0.0,0.21,0.0,0.02,0.66,0.02,6.442935056110924e-06,2.4286918001256913e-11,0.019746260748731988,0.00010642981231742018,7.447412143208953e-11,0.9801408663987912,6.342234473330105e-12,0.990919163002466,0.9461315753154966
21_surprise,l,Low resolution,False,surprise,mediapipe,Modified_images,0.0012,0.0009,0.5763,0.259,0.155,0.0615,0.0254,0.0666,0.1708,0.7776,0.0,0.0,0.0,0.0,0.7535,0.0,0.0,0.0,0.0,0.0,0.03076923076923077,0.03076923076923077,0.1076923076923077,0.0,0.8307692307692308,0.0,0.14999999999999997,0.0,0.06999999999999999,0.029999999999999992,0.07999999999999999,0.5599999999999999,0.10999999999999997,1.8363155483839193e-05,1.4503686405413788e-10,0.038449006069934274,4.341382517102188e-05,2.329853136736336e-10,0.9614892114872051,5.084183483110825e-09,0.9910478464907021,0.9345222183513695
21_surprise,o,Original,False,surprise,mediapipe,Modified_images,0.0014,0.0017,0.5303,0.3337,0.1849,0.0049,0.004,0.3391,0.5047,0.6777,0.0,0.0,0.0,0.0,0.9478,0.0,0.0,0.0,0.0,0.0,0.03076923076923077,0.03076923076923077,0.1076923076923077,0.0,0.8307692307692308,0.0,0.09,0.0,0.21,0.0,0.02,0.66,0.02,6.526289788520899e-06,2.4009183497563527e-11,0.01983762114315682,0.000108616630738216,7.8793678561132e-11,0.980047235826866,6.647605246947104e-12,0.9909210365989972,0.9461315753154966
22_angry,b,Blur,False,angry,mediapipe,Modified_images,0.132,0.2768,0.0002,0.0766,0.0159,0.4158,0.2911,0.01,0.0084,0.0238,0.0,0.0,0.0,0.0,0.653,0.0,0.0,0.0,0.0,0.8,0.1076923076923077,0.0,0.03076923076923077,0.06153846153846154,0.0,0.0,0.94,0.0,0.01,0.0,0.04,0.0,0.01,0.3822875600871127,2.2709019624034724e-07,0.0023035553640805206,3.244678721914939e-05,0.06391416459877831,8.10065735814851e-06,0.551453945415255,0.5672589430795647,0.9897050081337894
22_angry,g,Greyscale,False,angry,mediapipe,Modified_images,0.0242,0.055,0.002,0.263,0.0927,0.3862,0.2939,0.0187,0.0158,0.0264,0.0001,0.0,0.0,0.0,0.0959,0.0,0.0,0.0,0.0,0.8,0.1076923076923077,0.0,0.03076923076923077,0.06153846153846154,0.0,0.0,0.9207920792079208,0.0,0.009900990099009901,0.009900990099009901,0.039603960396039604,0.0,0.019801980198019802,0.3006448852841545,4.4065902498186536e-10,2.3239278480434942e-05,0.0007239359223231958,0.002823246743534063,1.601319547925659e-05,0.6957686791353695,0.3920079038208378,0.9898975379697653
22_angry,l,Low resolution,False,angry,mediapipe,Modified_images,0.2496,0.3542,0.0029,0.0153,0.0079,0.3025,0.278,0.0133,0.0179,0.0252,0.0,0.0,0.0008,0.0008,0.2771,0.0,0.0,0.0,0.0,0.8,0.1076923076923077,0.0,0.03076923076923077,0.06153846153846154,0.0,0.0,0.8181818181818181,0.0,0.0202020202020202,0.0202020202020202,0.10101010101010101,0.0,0.0404040404040404,0.00300906478818761,1.5096146905345437e-12,2.6913389285092876e-06,0.00035379922500391184,0.0004880357042338886,2.6002256295592533e-07,0.9961461489195735,0.0030335770973013657,0.9884984182204047
22_angry,o,Original,False,angry,mediapipe,Modified_images,0.0329,0.1199,0.0006,0.2094,0.0456,0.4112,0.428,0.014,0.0095,0.0214,0.0001,0.0,0.0,0.0,0.14,0.0,0.0,0.0,0.0,0.8,0.1076923076923077,0.0,0.03076923076923077,0.06153846153846154,0.0,0.0,0.9207920792079208,0.0,0.009900990099009901,0.009900990099009901,0.039603960396039604,0.0,0.019801980198019802,0.315638589082331,5.943487684946297e-10,2.584137733447009e-05,0.0007701090925701685,0.0031014921758618303,1.8502783115394326e-05,0.6804454648944382,0.4158823898704363,0.9898975379697653
23_disgust,b,Blur,False,disgust,mediapipe,Modified_images,0.5324,0.6128,0.0001,0.0043,0.0016,0.4461,0.5241,0.0051,0.0041,0.0071,0.0005,0.0005,0.0014,0.0019,0.0806,0.0,0.0,0.0,0.0,0.0975609756097561,0.6463414634146342,0.036585365853658534,0.0,0.0,0.21951219512195122,0.0,0.9504950495049505,0.019801980198019802,0.019801980198019802,0.0,0.009900990099009901,0.0,0.0,0.9963369319350351,0.000127931197577614,0.0006765701657560909,1.1501109695555813e-07,0.002835845327630054,1.0736840468389792e-05,1.186952243579177e-05,0.1414479465624031,0.16181460809137027
23_disgust,g,Greyscale,False,disgust,mediapipe,Modified_images,0.6581,0.6964,0.0,0.0016,0.0011,0.5282,0.5087,0.0057,0.0047,0.0083,0.0004,0.0003,0.0018,0.0027,0.0833,0.0,0.0,0.0,0.0,0.0975609756097561,0.6463414634146342,0.036585365853658534,0.0,0.0,0.21951219512195122,0.0,0.9595959595959596,0.020202020202020204,0.020202020202020204,0.0,0.0,0.0,0.0,0.999611157985085,1.0271517828836357e-06,9.318474968140622e-05,2.6140348814682718e-09,0.00029450025135305854,3.2643216570341495e-08,9.460484630352677e-08,0.14129486449461018,0.16203868900398613
23_disgust,l,Low resolution,False,disgust,mediapipe,Modified_images,0.5224,0.6002,0.0001,0.0035,0.0016,0.455,0.6235,0.0045,0.0062,0.0102,0.0007,0.0007,0.0048,0.0069,0.0269,0.0,0.0,0.0,0.0,0.0975609756097561,0.6463414634146342,0.036585365853658534,0.0,0.0,0.21951219512195122,0.0,0.9797979797979798,0.010101010101010102,0.010101010101010102,0.0,0.0,0.0,0.0,0.9696238320181134,0.013931517890489947,0.006542293077629285,1.7168118443946724e-07,0.00974996788568007,4.4369074571490714e-05,0.00010784837233148616,0.15508259946127456,0.15146897292332037
23_disgust,o,Original,False,disgust,mediapipe,Modified_images,0.6639,0.6929,0.0,0.0018,0.0011,0.4513,0.4626,0.0071,0.0077,0.0065,0.0002,0.0002,0.0012,0.0015,0.156,0.0,0.0,0.0,0.0,0.0975609756097561,0.6463414634146342,0.036585365853658534,0.0,0.0,0.21951219512195122,0.0,0.9595959595959596,0.020202020202020204,0.020202020202020204,0.0,0.0,0.0,0.0,0.9996268361914363,9.91001304811005e-07,8.960236680897302e-05,2.394541361228769e-09,0.00028244978235938007,3.0257846610484864e-08,8.800570242396038e-08,0.14129464045293091,0.16203868900398613
24_fear,b,Blur,False,fear,mediapipe,Modified_images,0.0403,0.0069,0.6423,0.0077,0.0163,0.1157,0.0267,0.0283,0.0384,0.0054,0.0001,0.0001,0.0256,0.0431,0.1606,0.0,0.0,0.0,0.0,0.0,0.09183673469387756,0.2857142857142857,0.0,0.40816326530612246,0.21428571428571427,0.0,0.03,0.0,0.89,0.0,0.04,0.04,0.0,0.0008047388783858769,5.113899207284527e-08,0.19123769930305246,5.250949831486089e-09,0.8077518751916662,1.454589750890525e-06,0.00020417564720259546,0.8417179235906359,0.5687968746745897
24_fear,g,Greyscale,False,fear,mediapipe,Modified_images,0.1677,0.0466,0.3111,0.0019,0.0061,0.1073,0.0185,0.059,0.0689,0.0033,0.0001,0.0,0.0192,0.0391,0.2354,0.0,0.0,0.0,0.0,0.0,0.09183673469387756,0.2857142857142857,0.0,0.40816326530612246,0.21428571428571427,0.0,0.01,0.0,0.92,0.0,0.05,0.02,0.0,0.0002877045445917836,2.511248138790506e-07,0.2733679976507842,2.4175843254504582e-08,0.7262769848954149,1.2327333783763367e-05,5.471027476822524e-05,0.877428307957151,0.5672010882996648
24_fear,l,Low resolution,False,fear,mediapipe,Modified_images,0.0912,0.0253,0.2713,0.0071,0.0155,0.2901,0.0612,0.0175,0.0185,0.016,0.0002,0.0001,0.067,0.0816,0.037,0.0,0.0,0.0,0.0,0.0,0.09183673469387756,0.2857142857142857,0.0,0.40816326530612246,0.21428571428571427,0.0,0.010101010101010102,0.0,0.8484848484848485,0.0,0.09090909090909091,0.05050505050505051,0.0,0.0006588827237580884,1.1034117621318766e-08,0.13996729256900808,3.4098297879458676e-07,0.8586729766274648,1.426304152339966e-06,0.0006990697585202873,0.8159118082098161,0.6174354579408964
24_fear,o,Original,False,fear,mediapipe,Modified_images,0.2324,0.0514,0.2496,0.0015,0.0055,0.1429,0.0291,0.0444,0.0498,0.002,0.0002,0.0002,0.0253,0.043,0.2779,0.0,0.0,0.0,0.0,0.0,0.09183673469387756,0.2857142857142857,0.0,0.40816326530612246,0.21428571428571427,0.0,0.01,0.0,0.92,0.0,0.05,0.02,0.0,0.00029434556369162935,2.5801988395675874e-07,0.2751994012785652,2.4953744646405842e-08,0.7244385164438477,1.2547907679027423e-05,5.490583258778508e-05,0.8781092020612056,0.5672010882996648
25_happy,b,Blur,False,happy,mediapipe,Modified_images,0.2665,0.2934,0.0003,0.0239,0.0258,0.4586,0.1916,0.0078,0.0207,0.0291,0.4523,0.1466,0.0028,0.0044,0.0016,0.0,0.0,0.0,0.0,0.0,0.011494252873563218,0.0,0.42528735632183906,0.0,0.04597701149425287,0.5172413793103449,0.010101010101010102,0.0,0.020202020202020204,0.22222222222222224,0.010101010101010102,0.0,0.7373737373737373,0.0005117378629353294,2.6126201771494338e-11,7.2083200287754e-05,0.00018348305860046657,0.002696933856640822,3.379613853185641e-06,0.9965323823815563,0.7706121837617762,0.920053072564027
25_happy,g,Greyscale,False,happy,mediapipe,Modified_images,0.1273,0.0819,0.0022,0.0466,0.1061,0.6252,0.2165,0.0139,0.0224,0.0055,0.2559,0.071,0.011,0.0179,0.0062,0.0,0.0,0.0,0.0,0.0,0.011494252873563218,0.0,0.42528735632183906,0.0,0.04597701149425287,0.5172413793103449,0.009900990099009901,0.0,0.009900990099009901,0.009900990099009901,0.009900990099009901,0.0,0.9603960396039604,0.0037734969194575347,1.3780744482502688e-10,8.273492787131166e-05,0.00012880090687954042,0.007921360364981598,6.026655034262332e-08,0.9880935464764522,0.7705504418281163,0.7768642728447176
25_happy,l,Low resolution,False,happy,mediapipe,Modified_images,0.5702,0.5517,0.0002,0.0036,0.0124,0.7368,0.1288,0.0133,0.0245,0.0374,0.3364,0.171,0.0203,0.0207,0.001,0.0,0.0,0.0,0.0,0.0,0.011494252873563218,0.0,0.42528735632183906,0.0,0.04597701149425287,0.5172413793103449,0.010101010101010102,0.0,0.010101010101010102,0.10101010101010102,0.010101010101010102,0.010101010101010102,0.8585858585858586,0.011140538012903616,5.133049445878489e-08,0.0014611938544777361,0.00029689462148425606,0.024707884848779442,1.4767450759788488e-05,0.9623786698811007,0.7703883595086016,0.8398131179833553
25_happy,o,Original,False,happy,mediapipe,Modified_images,0.1477,0.0893,0.002,0.0469,0.0994,0.6188,0.2284,0.0133,0.0207,0.0069,0.2912,0.1129,0.0084,0.0121,0.005,0.0,0.0,0.0,0.0,0.0,0.011494252873563218,0.0,0.42528735632183906,0.0,0.04597701149425287,0.5172413793103449,0.009900990099009901,0.0,0.009900990099009901,0.009900990099009901,0.009900990099009901,0.0,0.9603960396039604,0.003701275499894388,1.3121188218414836e-10,8.190494155556109e-05,0.00012573538084763444,0.007716957103758466,6.105805696674436e-08,0.988374065884675,0.7705499446880558,0.7768642728447176
26_neutral,b,Blur,False,neutral,mediapipe,Modified_images,0.06,0.037,0.0211,0.0628,0.0719,0.3118,0.1726,0.0137,0.0037,0.0017,0.0002,0.0002,0.0666,0.0536,0.0756,0.0,0.0,0.0,0.0,0.028169014084507043,0.056338028169014086,0.014084507042253521,0.0,0.1267605633802817,0.0,0.7746478873239436,,,,,,,,0.0008380705475595844,4.477797971055927e-10,0.026249193337001143,0.22254445236893322,0.0010803903268059932,0.37741763380147797,0.37187025917044225,0.6369549188000434,
26_neutral,g,Greyscale,False,neutral,mediapipe,Modified_images,0.2638,0.1975,0.0047,0.0087,0.0109,0.5791,0.3597,0.0056,0.0028,0.0025,0.0001,0.0001,0.015,0.0153,0.0876,0.0,0.0,0.0,0.0,0.028169014084507043,0.056338028169014086,0.014084507042253521,0.0,0.1267605633802817,0.0,0.7746478873239436,,,,,,,,0.00041130395586722995,1.8255094507752106e-09,0.009240638669559749,0.09031415185888621,9.085981784198658e-05,0.8258582536689639,0.07408479020337147,0.08758955726648593,
26_neutral,l,Low resolution,False,neutral,mediapipe,Modified_images,0.3727,0.2709,0.0021,0.0041,0.0061,0.6392,0.29,0.0052,0.0022,0.0042,0.0,0.0,0.0069,0.0057,0.3106,0.0,0.0,0.0,0.0,0.028169014084507043,0.056338028169014086,0.014084507042253521,0.0,0.1267605633802817,0.0,0.7746478873239436,,,,,,,,0.008058874408910175,7.561536840251646e-10,0.0007359781733910158,0.7555097784384522,0.00021164842259208312,0.01533779591818482,0.22014592388231605,0.27551168185220903,
26_neutral,o,Original,False,neutral,mediapipe,Modified_images,0.3182,0.2476,0.0016,0.0067,0.0093,0.6495,0.366,0.0056,0.0023,0.0012,0.0008,0.0007,0.0196,0.0292,0.0778,0.0,0.0,0.0,0.0,0.028169014084507043,0.056338028169014086,0.014084507042253521,0.0,0.1267605633802817,0.0,0.7746478873239436,,,,,,,,0.0004180987596044386,2.0043663669541638e-09,0.0095413184794022,0.08668212446106634,8.467735317850192e-05,0.8354778270667935,0.0677959518755886,0.07935973253000167,
27_sad,b,Blur,False,sad,mediapipe,Modified_images,0.1609,0.144,0.003,0.0231,0.0141,0.5421,0.465,0.0032,0.0018,0.0073,0.0002,0.0003,0.0156,0.0184,0.153,0.0,0.0,0.0,0.0,0.01098901098901099,0.04395604395604396,0.0989010989010989,0.0,0.6703296703296703,0.0,0.17582417582417584,0.03,0.0,0.05,0.0,0.8,0.0,0.12,4.185926704961264e-06,3.99093699502945e-12,0.24615270354630944,0.014076758436439825,0.0662729975917518,1.9236768267716554e-06,0.6734914308179762,0.3704774885367133,0.9889155817530614
27_sad,g,Greyscale,False,sad,mediapipe,Modified_images,0.0733,0.0851,0.0104,0.0628,0.0205,0.5349,0.4532,0.0031,0.0022,0.0059,0.0006,0.001,0.0072,0.0059,0.0419,0.0,0.0,0.0,0.0,0.01098901098901099,0.04395604395604396,0.0989010989010989,0.0,0.6703296703296703,0.0,0.17582417582417584,0.02,0.0,0.08,0.0,0.77,0.0,0.13,0.0004994980511564481,1.2959717121822163e-08,0.04323244556313434,0.0006055904211258458,0.5557398910405763,5.6664540608536505e-06,0.39991689551022913,0.929089856611774,0.9932911351772433
27_sad,l,Low resolution,False,sad,mediapipe,Modified_images,0.1728,0.145,0.0043,0.0251,0.0138,0.6097,0.4661,0.0049,0.0045,0.0074,0.0003,0.0004,0.0168,0.0213,0.069,0.0,0.0,0.0,0.0,0.01098901098901099,0.04395604395604396,0.0989010989010989,0.0,0.6703296703296703,0.0,0.17582417582417584,0.01,0.0,0.05,0.0,0.87,0.0,0.07,0.0005611083979720056,5.729150884674279e-08,0.1080203079305728,1.0058829238468539e-05,0.7443484987528074,4.857398041006907e-07,0.1470594830580965,0.9960764374649611,0.9791878602642065
27_sad,o,Original,False,sad,mediapipe,Modified_images,0.0738,0.0875,0.0066,0.0617,0.0206,0.5274,0.516,0.003,0.002,0.006,0.0006,0.0008,0.0074,0.0079,0.0528,0.0,0.0,0.0,0.0,0.01098901098901099,0.04395604395604396,0.0989010989010989,0.0,0.6703296703296703,0.0,0.17582417582417584,0.02,0.0,0.08,0.0,0.77,0.0,0.13,0.0004750462211021358,1.1283981265238133e-08,0.04172491015135217,0.0005870582626275306,0.5499280129009377,5.363495961810482e-06,0.40727959768403743,0.9239740584284306,0.9932911351772433
28_surprise,b,Blur,True,surprise,mediapipe,Modified_images,0.0011,0.0006,0.1479,0.6937,0.7065,0.045,0.0293,0.0461,0.2059,0.0023,0.0022,0.001,0.0,0.0,0.5407,0.0,0.0,0.0,0.0,0.037037037037037035,0.024691358024691357,0.08641975308641975,0.12345679012345678,0.0,0.691358024691358,0.037037037037037035,0.020202020202020204,0.0,0.2828282828282829,0.10101010101010102,0.07070707070707072,0.19191919191919193,0.33333333333333337,0.06077496066739628,0.00014574447664168031,0.6479145399722497,0.0014729522188730124,0.012525658338276508,0.2751440155068113,0.002022128819751553,0.49577691947422414,0.5214279630530633
28_surprise,g,Greyscale,True,surprise,mediapipe,Modified_images,0.0012,0.0006,0.1725,0.6729,0.7101,0.0289,0.0476,0.071,0.1825,0.0025,0.0036,0.0017,0.0,0.0,0.3035,0.0,0.0,0.0,0.0,0.037037037037037035,0.024691358024691357,0.08641975308641975,0.12345679012345678,0.0,0.691358024691358,0.037037037037037035,0.04040404040404041,0.0,0.36363636363636365,0.010101010101010102,0.16161616161616163,0.13131313131313133,0.29292929292929293,0.07093748567545821,0.000695344130361786,0.8157857195289773,0.0006117543190332488,0.06670391669868912,0.025192056267670355,0.02007372337980996,0.15654466416539037,0.3728937559531828
28_surprise,l,Low resolution,True,surprise,mediapipe,Modified_images,0.0014,0.001,0.149,0.5839,0.6044,0.0336,0.0463,0.062,0.2225,0.0012,0.0021,0.0013,0.0,0.0,0.2872,0.0,0.0,0.0,0.0,0.037037037037037035,0.024691358024691357,0.08641975308641975,0.12345679012345678,0.0,0.691358024691358,0.037037037037037035,0.0297029702970297,0.0,0.5841584158415841,0.009900990099009901,0.16831683168316833,0.04950495049504951,0.15841584158415842,0.048763172266066294,0.0005327569243950257,0.6247871105016627,0.0008653570219917789,0.005277811238468803,0.3189739678313435,0.0007998242160719573,0.5537779400614482,0.20738626977249494
28_surprise,o,Original,True,surprise,mediapipe,Modified_images,0.0019,0.0009,0.0977,0.6507,0.6678,0.0363,0.0306,0.0613,0.2731,0.0014,0.0042,0.0026,0.0,0.0,0.5258,0.0,0.0,0.0,0.0,0.037037037037037035,0.024691358024691357,0.08641975308641975,0.12345679012345678,0.0,0.691358024691358,0.037037037037037035,0.04040404040404041,0.0,0.36363636363636365,0.010101010101010102,0.16161616161616163,0.13131313131313133,0.29292929292929293,0.06955644449466963,0.0006966309117341544,0.81734835644803,0.0006356688646469134,0.06666251979770593,0.02436854117902811,0.020731838304185277,0.1554911943181843,0.3728937559531828
29_angry,b,Blur,False,angry,mediapipe,Modified_images,0.6009,0.6708,0.0,0.0024,0.0024,0.639,0.4731,0.0028,0.0012,0.367,0.0157,0.0126,0.0001,0.0001,0.0077,0.0,0.0,0.0,0.0,0.75,0.19047619047619047,0.023809523809523808,0.0,0.03571428571428571,0.0,0.0,0.99,0.0,0.0,0.0,0.01,0.0,0.0,0.8319517763964099,2.5380386052392046e-10,0.00032195910828658497,7.379630368605828e-05,0.0015107026182221114,1.0973360714227403e-05,0.1661307919588772,0.9490991992645197,0.9681591725360083
29_angry,g,Greyscale,False,angry,mediapipe,Modified_images,0.398,0.4487,0.0,0.0056,0.0078,0.734,0.4736,0.0065,0.0039,0.4044,0.0306,0.0217,0.0,0.0,0.0046,0.0,0.0,0.0,0.0,0.75,0.19047619047619047,0.023809523809523808,0.0,0.03571428571428571,0.0,0.0,1.0,0.0,0.0,0.0,0.0,0.0,0.0,0.9728177687571924,6.454988860112211e-12,5.6381406080003514e-05,8.462632955227638e-05,0.0005164908575052851,3.244936887399743e-08,0.026524700193846278,0.9674096505758167,0.9677430772268684
29_angry,l,Low resolution,False,angry,mediapipe,Modified_images,0.3709,0.3523,0.0001,0.0017,0.0039,0.741,0.5898,0.0041,0.0019,0.3176,0.0834,0.1061,0.0042,0.0048,0.0027,0.0,0.0,0.0,0.0,0.75,0.19047619047619047,0.023809523809523808,0.0,0.03571428571428571,0.0,0.0,0.9801980198019802,0.0,0.009900990099009901,0.0,0.009900990099009901,0.0,0.0,0.6356968200176621,1.7574948156016752e-13,1.957764399533583e-06,2.1934954186960772e-06,7.985348097195563e-05,3.1915947865117576e-07,0.3642188560818931,0.8396925933845267,0.9684200821165504
29_angry,o,Original,False,angry,mediapipe,Modified_images,0.507,0.5804,0.0,0.0041,0.0041,0.715,0.5175,0.006,0.0045,0.3997,0.0538,0.0328,0.0,0.0,0.0065,0.0,0.0,0.0,0.0,0.75,0.19047619047619047,0.023809523809523808,0.0,0.03571428571428571,0.0,0.0,1.0,0.0,0.0,0.0,0.0,0.0,0.0,0.9733712237795997,6.084061801444276e-12,5.4782785178490014e-05,8.147484549495083e-05,0.0005073740385765868,2.9568332236783637e-08,0.02598511497673394,0.9674240223181485,0.9677430772268684
2_disgust,b,Blur,False,disgust,mediapipe,Modified_images,0.0074,0.0239,0.0321,0.302,0.1113,0.1943,0.2468,0.0039,0.0023,0.0002,0.0176,0.0174,0.2991,0.3062,0.0728,0.0,0.0,0.0,0.0,0.14285714285714285,0.6224489795918368,0.02040816326530612,0.0,0.09183673469387756,0.09183673469387756,0.030612244897959183,0.1919191919191919,0.0,0.0808080808080808,0.0303030303030303,0.1515151515151515,0.0101010101010101,0.5353535353535354,0.48347184216803113,0.0006948767289486575,0.24963767857778413,0.019416766969112556,0.19931559589965858,0.0003491458278997787,0.04711409382856507,0.2485423338972562,0.15526941031675748
2_disgust,g,Greyscale,False,disgust,mediapipe,Modified_images,0.0035,0.011,0.0579,0.398,0.1496,0.2731,0.4582,0.0046,0.006,0.0002,0.0442,0.0453,0.0857,0.0806,0.227,0.0,0.0,0.0,0.0,0.14285714285714285,0.6224489795918368,0.02040816326530612,0.0,0.09183673469387756,0.09183673469387756,0.030612244897959183,0.1,0.0,0.03,0.02,0.1,0.01,0.74,0.2139857389793854,0.002344160945974095,0.3053893330747546,0.026215549256798514,0.2520516366842683,0.0008406700717754125,0.19917291098704376,0.21005847085959004,0.0967816305815561
2_disgust,l,Low resolution,False,disgust,mediapipe,Modified_images,0.0036,0.0433,0.0963,0.2541,0.0676,0.1652,0.1709,0.0124,0.015,0.0015,0.3321,0.4499,0.2972,0.2741,0.0453,0.0,0.0,0.0,0.0,0.14285714285714285,0.6224489795918368,0.02040816326530612,0.0,0.09183673469387756,0.09183673469387756,0.030612244897959183,0.14,0.0,0.04,0.06,0.17,0.0,0.59,0.5804568671499153,0.0016630517028253758,0.1281263114645393,0.00040898586578762687,0.2709514863190812,2.8478280699348003e-05,0.018364819217151714,0.2625973003970386,0.13169475488458493
2_disgust,o,Original,False,disgust,mediapipe,Modified_images,0.0063,0.0104,0.0507,0.3512,0.1891,0.2962,0.3859,0.0043,0.0062,0.0001,0.0631,0.0699,0.0414,0.0388,0.3424,0.0,0.0,0.0,0.0,0.14285714285714285,0.6224489795918368,0.02040816326530612,0.0,0.09183673469387756,0.09183673469387756,0.030612244897959183,0.1,0.0,0.03,0.02,0.1,0.01,0.74,0.20357339210308315,0.002378173826950899,0.3010056257813513,0.028800357557116525,0.25319316013224136,0.0008704218307542245,0.21017886876850256,0.20736613238163049,0.0967816305815561
30_disgust,b,Blur,False,disgust,mediapipe,Modified_images,0.4618,0.305,0.0877,0.0004,0.0027,0.581,0.3434,0.0021,0.0009,0.0009,0.7039,0.628,0.0051,0.0042,0.0032,0.0,0.0,0.0,0.0,0.05747126436781609,0.41379310344827586,0.06896551724137931,0.10344827586206896,0.14942528735632185,0.13793103448275862,0.06896551724137931,0.07,0.0,0.18,0.39,0.32,0.01,0.03,0.00034623092166623785,4.458742798246612e-05,0.012137371927709983,0.8305303969017426,0.10502615468050686,0.00017809543176566052,0.05173716270862622,0.2602619728914424,0.41094153720120297
30_disgust,g,Greyscale,False,disgust,mediapipe,Modified_images,0.6261,0.3329,0.0453,0.0002,0.0035,0.7503,0.3712,0.0027,0.0033,0.0005,0.8349,0.7763,0.0145,0.017,0.0048,0.0,0.0,0.0,0.0,0.05747126436781609,0.41379310344827586,0.06896551724137931,0.10344827586206896,0.14942528735632185,0.13793103448275862,0.06896551724137931,0.02,0.0,0.07,0.04,0.84,0.0,0.03,0.005052250805850402,0.0018854198263494827,0.029055595374271603,0.07502599054421509,0.8569354407956651,0.0032106896370562225,0.028834613016592073,0.33770393736150234,0.33552739828575184
30_disgust,l,Low resolution,False,disgust,mediapipe,Modified_images,0.4236,0.244,0.0065,0.0017,0.0215,0.5754,0.3311,0.0036,0.0034,0.0008,0.5272,0.3544,0.1089,0.135,0.0015,0.0,0.0,0.0,0.0,0.05747126436781609,0.41379310344827586,0.06896551724137931,0.10344827586206896,0.14942528735632185,0.13793103448275862,0.06896551724137931,0.04,0.0,0.05,0.66,0.11,0.01,0.13,0.001021890612939816,0.00771060963375748,0.012656805352414249,0.08456791480050929,0.8832584737947256,0.000550798867381402,0.010233506938272158,0.33772177588730945,0.30300061891958635
30_disgust,o,Original,False,disgust,mediapipe,Modified_images,0.6055,0.3358,0.05,0.0002,0.0034,0.7836,0.3326,0.0027,0.0028,0.0003,0.824,0.7505,0.0172,0.0184,0.0065,0.0,0.0,0.0,0.0,0.05747126436781609,0.41379310344827586,0.06896551724137931,0.10344827586206896,0.14942528735632185,0.13793103448275862,0.06896551724137931,0.02,0.0,0.07,0.04,0.84,0.0,0.03,0.004893540630901189,0.001835371801704471,0.028944922086216286,0.07866856819384517,0.8536725438791328,0.0030610134377170284,0.02892403997048315,0.3384638392681931,0.33552739828575184
31_fear,b,Blur,False,fear,mediapipe,Modified_images,0.0456,0.0191,0.0919,0.0507,0.0603,0.1767,0.3016,0.005,0.0057,0.0034,0.0001,0.0,0.015,0.0118,0.3333,0.0,0.0,0.0,0.0,0.08791208791208792,0.01098901098901099,0.0989010989010989,0.0,0.7032967032967034,0.01098901098901099,0.08791208791208792,0.039603960396039604,0.0,0.04950495049504951,0.0297029702970297,0.3069306930693069,0.0,0.5742574257425742,6.648499185047529e-06,9.33093992550671e-15,4.4325295440430014e-05,9.671964114345766e-07,0.004630730272798698,3.4966197204778265e-08,0.9953172937699578,0.1264423515545628,0.5816810530900628
31_fear,g,Greyscale,False,fear,mediapipe,Modified_images,0.1042,0.0426,0.048,0.0223,0.0282,0.2974,0.301,0.0044,0.0051,0.0016,0.0006,0.0003,0.0119,0.0145,0.2739,0.0,0.0,0.0,0.0,0.08791208791208792,0.01098901098901099,0.0989010989010989,0.0,0.7032967032967034,0.01098901098901099,0.08791208791208792,0.019801980198019802,0.0,0.0594059405940594,0.019801980198019802,0.43564356435643564,0.0,0.4653465346534653,9.497867788109456e-07,6.397683033872477e-17,0.0002738235133188496,8.231469841265956e-07,0.002831663485838023,1.7353782853214283e-06,0.9968910046887949,0.12470702223935602,0.7679648463839724
31_fear,l,Low resolution,False,fear,mediapipe,Modified_images,0.048,0.0379,0.0753,0.0315,0.0277,0.208,0.3,0.0084,0.0112,0.004,0.0002,0.0001,0.0193,0.0095,0.1979,0.0,0.0,0.0,0.0,0.08791208791208792,0.01098901098901099,0.0989010989010989,0.0,0.7032967032967034,0.01098901098901099,0.08791208791208792,0.020202020202020204,0.0,0.08080808080808081,0.020202020202020204,0.35353535353535354,0.0,0.5252525252525253,4.165679813285136e-05,1.216080238994712e-12,0.006617948225086468,6.825595769521553e-05,0.005613176853438918,0.0008894829452955502,0.9867694792191348,0.12838062522056926,0.6610166448641525
31_fear,o,Original,False,fear,mediapipe,Modified_images,0.1948,0.0978,0.0116,0.0143,0.0181,0.3221,0.2414,0.0048,0.0048,0.0017,0.0002,0.0001,0.0119,0.0129,0.3768,0.0,0.0,0.0,0.0,0.08791208791208792,0.01098901098901099,0.0989010989010989,0.0,0.7032967032967034,0.01098901098901099,0.08791208791208792,0.019801980198019802,0.0,0.0594059405940594,0.019801980198019802,0.43564356435643564,0.0,0.4653465346534653,9.92818189366606e-07,6.792100562129584e-17,0.0002580890766721246,8.243178084197535e-07,0.0029023574225103812,1.5340375771733052e-06,0.9968362023272425,0.12477414826160277,0.7679648463839724
32_happy,b,Blur,False,happy,mediapipe,Modified_images,0.1987,0.1333,0.0546,0.0043,0.0059,0.8049,0.6026,0.0016,0.0007,0.0046,0.3497,0.2944,0.1218,0.1014,0.0001,0.0,0.0,0.0,0.0,0.0,0.0,0.0,0.7,0.0,0.0,0.3,0.0,0.0,0.0,0.27,0.0,0.0,0.73,3.7167987423206393e-06,3.700546783794826e-08,8.297037581959692e-06,0.9250371935866479,1.8927600783468114e-06,6.283712962554563e-05,0.07488602568185601,0.9479334722063497,0.6883059627103452
32_happy,g,Greyscale,False,happy,mediapipe,Modified_images,0.0712,0.0426,0.1904,0.0054,0.0108,0.866,0.6281,0.0021,0.0022,0.0093,0.4435,0.4123,0.1142,0.0954,0.0,0.0,0.0,0.0,0.0,0.0,0.0,0.0,0.7,0.0,0.0,0.3,0.01,0.0,0.0,0.35,0.01,0.0,0.63,3.256698411028297e-07,1.2238956331256126e-09,6.216777608169741e-07,0.9446380257495459,3.724448445173414e-07,0.0002834836992378579,0.05507716953487399,0.9405151984906747,0.7905715136547298
32_happy,l,Low resolution,False,happy,mediapipe,Modified_images,0.0544,0.0348,0.093,0.0139,0.0172,0.7696,0.5251,0.0013,0.0006,0.0019,0.1118,0.1971,0.0734,0.045,0.0002,0.0,0.0,0.0,0.0,0.0,0.0,0.0,0.7,0.0,0.0,0.3,0.010101010101010102,0.0,0.0,0.14141414141414144,0.010101010101010102,0.0,0.8383838383838383,1.2735702268297666e-07,2.2663614792552252e-10,1.571396053573737e-07,0.9967254120438416,1.9138337310551476e-06,4.603151190089418e-05,0.003226357887262434,0.9204153071034393,0.5412329914502542
32_happy,o,Original,False,happy,mediapipe,Modified_images,0.0235,0.0294,0.2243,0.0207,0.0118,0.8419,0.6328,0.0016,0.0014,0.0064,0.2824,0.2935,0.1507,0.1161,0.0,0.0,0.0,0.0,0.0,0.0,0.0,0.0,0.7,0.0,0.0,0.3,0.01,0.0,0.0,0.35,0.01,0.0,0.63,3.3046940216801e-07,1.2713298640100122e-09,6.277477603629853e-07,0.9451440905892792,3.6906801761130375e-07,0.0002829838876710046,0.054571596966539924,0.9403233493045032,0.7905715136547298
33_neutral,b,Blur,False,neutral,mediapipe,Modified_images,0.0118,0.0054,0.2278,0.1474,0.1636,0.1061,0.0612,0.0203,0.0242,0.0078,0.0,0.0,0.0001,0.0001,0.8838,0.0,0.0,0.0,0.0,0.03225806451612903,0.016129032258064516,0.0,0.04838709677419355,0.03225806451612903,0.0,0.8709677419354839,0.06060606060606061,0.0,0.010101010101010102,0.0,0.13131313131313133,0.0,0.797979797979798,0.11072153128017996,8.644793398237038e-07,0.3490826276221785,0.36746261436485694,0.1722686780563239,2.0871238411907932e-07,0.00046347548473674307,0.057190166648797926,0.9896083995018694
33_neutral,g,Greyscale,False,neutral,mediapipe,Modified_images,0.0062,0.0039,0.1527,0.2069,0.1801,0.3267,0.1782,0.0092,0.0073,0.0017,0.0,0.0,0.0002,0.0003,0.7369,0.0,0.0,0.0,0.0,0.03225806451612903,0.016129032258064516,0.0,0.04838709677419355,0.03225806451612903,0.0,0.8709677419354839,0.11,0.0,0.01,0.0,0.43,0.0,0.45,0.010144556134082263,3.575149488920664e-08,0.0040212940257846365,0.004777793863349277,0.07232346523211537,3.6067049908435714e-05,0.9086967879432651,0.997330645812181,0.7412228912849016
33_neutral,l,Low resolution,False,neutral,mediapipe,Modified_images,0.083,0.1144,0.0273,0.0192,0.0104,0.3392,0.178,0.0126,0.0108,0.0007,0.0003,0.0005,0.042,0.0483,0.2061,0.0,0.0,0.0,0.0,0.03225806451612903,0.016129032258064516,0.0,0.04838709677419355,0.03225806451612903,0.0,0.8709677419354839,0.010101010101010102,0.0,0.0,0.0,0.12121212121212122,0.0,0.8686868686868687,0.03631079430113686,6.183242191213927e-07,0.006356351485754208,0.010653772144229327,0.09980551794360985,0.00023546362410883307,0.8466374821769418,0.9956516191512204,0.9928242020803113
33_neutral,o,Original,False,neutral,mediapipe,Modified_images,0.0101,0.0048,0.1241,0.1611,0.155,0.3607,0.2007,0.0069,0.0059,0.0011,0.0001,0.0,0.0003,0.0004,0.7332,0.0,0.0,0.0,0.0,0.03225806451612903,0.016129032258064516,0.0,0.04838709677419355,0.03225806451612903,0.0,0.8709677419354839,0.11,0.0,0.01,0.0,0.43,0.0,0.45,0.009692227823535555,3.4309012002442363e-08,0.004072880521852973,0.004790061794896513,0.07097322009158548,3.693836105437391e-05,0.9104346370980632,0.9973845958079463,0.7412228912849016
34_sad,b,Blur,False,sad,mediapipe,Modified_images,0.1078,0.0651,0.0571,0.0544,0.0551,0.2199,0.1804,0.0162,0.011,0.0041,0.0001,0.0,0.0053,0.0072,0.3483,0.0,0.0,0.0,0.0,0.1346153846153846,0.19230769230769232,0.019230769230769232,0.0,0.6057692307692307,0.04807692307692308,0.0,0.17,0.0,0.31,0.0,0.46,0.01,0.05,0.0726386483841285,0.00047288743619445346,0.02246988273122293,1.1901718127113344e-05,0.874653013257325,1.3270964041551094e-06,0.029752339376597863,0.943460432850585,0.8113972312957668
34_sad,g,Greyscale,False,sad,mediapipe,Modified_images,0.1319,0.0799,0.0303,0.0277,0.0372,0.3179,0.2614,0.0132,0.012,0.0014,0.0001,0.0001,0.0097,0.0162,0.3093,0.0,0.0,0.0,0.0,0.1346153846153846,0.19230769230769232,0.019230769230769232,0.0,0.6057692307692307,0.04807692307692308,0.0,0.19,0.0,0.19,0.0,0.59,0.0,0.03,0.01660617686012702,2.6831812861633195e-06,0.006030613093644271,1.1069383137611294e-07,0.9402510398183604,3.400327935808768e-08,0.037109342349471434,0.9324384415864574,0.9141014469923616
34_sad,l,Low resolution,False,sad,mediapipe,Modified_images,0.1608,0.0696,0.0319,0.0228,0.0459,0.304,0.2456,0.016,0.0158,0.004,0.0003,0.0002,0.1545,0.1502,0.1128,0.0,0.0,0.0,0.0,0.1346153846153846,0.19230769230769232,0.019230769230769232,0.0,0.6057692307692307,0.04807692307692308,0.0,0.21,0.0,0.18,0.0,0.47,0.0,0.14,0.1618174153195477,0.00017659779271075857,0.03500200781460374,0.0009658721900750925,0.6503699968526323,0.00011147031825112135,0.15155663971217923,0.9288054398191468,0.8623881012996715
34_sad,o,Original,False,sad,mediapipe,Modified_images,0.1182,0.0753,0.0368,0.0329,0.0467,0.3049,0.2764,0.0136,0.0127,0.0013,0.0002,0.0001,0.0173,0.0274,0.2968,0.0,0.0,0.0,0.0,0.1346153846153846,0.19230769230769232,0.019230769230769232,0.0,0.6057692307692307,0.04807692307692308,0.0,0.19,0.0,0.19,0.0,0.59,0.0,0.03,0.017088820302847547,2.6491217538532906e-06,0.006450490009427267,1.1186656172674728e-07,0.9358179525023439,3.687666212240608e-08,0.040639939320403516,0.9324105441389282,0.9141014469923616
35_surprise,b,Blur,False,surprise,mediapipe,Modified_images,0.0008,0.0012,0.2123,0.5967,0.3199,0.0476,0.0242,0.2053,0.207,0.6026,0.0,0.0,0.0,0.0,0.668,0.0,0.0,0.0,0.0,0.0,0.0,0.047619047619047616,0.031746031746031744,0.0,0.9206349206349206,0.0,0.0,0.0,0.0,0.0,0.0,1.0,0.0,0.0006458583840825018,1.5230509164866382e-08,0.0013732228643059355,3.493492286337526e-05,0.00011665860652754362,0.997657110068945,0.00017219992276645003,0.9981444452647825,0.9980733587142706
35_surprise,g,Greyscale,False,surprise,mediapipe,Modified_images,0.0005,0.0005,0.3515,0.629,0.3894,0.0612,0.0359,0.227,0.2554,0.6102,0.0,0.0,0.0,0.0,0.8295,0.0,0.0,0.0,0.0,0.0,0.0,0.047619047619047616,0.031746031746031744,0.0,0.9206349206349206,0.0,0.0,0.0,0.01,0.0,0.0,0.99,0.0,1.5430192250017056e-07,5.637568314181136e-14,2.4339476347728378e-05,3.2197424019828543e-09,1.3166310616883777e-07,0.9999753706951268,6.436979585592848e-10,0.998074615073272,0.9985438785304512
35_surprise,l,Low resolution,False,surprise,mediapipe,Modified_images,0.0008,0.0008,0.2577,0.4887,0.3144,0.0937,0.0595,0.1292,0.1,0.5841,0.0,0.0,0.0,0.0,0.3003,0.0,0.0,0.0,0.0,0.0,0.0,0.047619047619047616,0.031746031746031744,0.0,0.9206349206349206,0.0,0.0,0.0,0.01,0.0,0.0,0.99,0.0,4.5456243151015624e-07,6.759272930774793e-13,7.26219792716693e-05,1.1205763948146614e-07,1.6881999155569318e-07,0.9999265500630641,9.251692587812802e-08,0.9980771092863475,0.9985438785304512
35_surprised,o,Original,False,surprised,mediapipe,Modified_images,0.0007,0.0008,0.2994,0.5676,0.3298,0.0733,0.0446,0.1992,0.2646,0.5943,0.0,0.0,0.0,0.0,0.8238,0.0,0.0,0.0,0.0,,,,,,,,,,,,,,,1.5746730467524626e-07,5.6687838299757085e-14,2.434189187356985e-05,3.3047963573363303e-09,1.2974715552203846e-07,0.999975366907506,6.813072067954327e-10,,
3_fear,b,Blur,False,fear,mediapipe,Modified_images,0.0001,0.0,0.8762,0.7981,0.7892,0.0774,0.0188,0.117,0.0961,0.4028,0.0142,0.0236,0.0249,0.0226,0.0019,0.0,0.0,0.0,0.0,0.034782608695652174,0.06956521739130435,0.4,0.0,0.02608695652173913,0.46956521739130436,0.0,0.0,0.0,0.13,0.0,0.0,0.87,0.0,3.605546707732934e-06,3.534571087641192e-12,0.3175451676788715,0.004519616183095881,1.407911182770887e-05,0.6778816968578196,3.583461814308419e-05,0.95600412451836,0.8413103385306038
3_fear,g,Greyscale,False,fear,mediapipe,Modified_images,0.0001,0.0001,0.8318,0.6232,0.4922,0.0591,0.0217,0.1512,0.1931,0.4421,0.013,0.0236,0.0117,0.0114,0.0028,0.0,0.0,0.0,0.0,0.034782608695652174,0.06956521739130435,0.4,0.0,0.02608695652173913,0.46956521739130436,0.0,0.0,0.0,0.31313131313131315,0.0,0.0,0.686868686868687,0.0,1.7653060252008397e-07,5.118038098116526e-15,0.8068126965008587,0.004486398131994416,3.771774960192208e-08,0.18870068824234557,2.87644393701375e-09,0.7977547604390647,0.9532588687909924
3_fear,l,Low resolution,False,fear,mediapipe,Modified_images,0.0001,0.0001,0.8115,0.6723,0.6211,0.0672,0.0219,0.1181,0.0987,0.3947,0.0368,0.0605,0.0442,0.0393,0.0013,0.0,0.0,0.0,0.0,0.034782608695652174,0.06956521739130435,0.4,0.0,0.02608695652173913,0.46956521739130436,0.0,0.01,0.0,0.35,0.01,0.16,0.46,0.01,2.9166236938703014e-05,5.644439678302187e-10,0.20012517922677436,0.0011942537465326776,5.470351195326589e-06,0.7986418269285923,4.102945522800791e-06,0.8882148056834103,0.9656075647729004
3_fear,o,Original,False,fear,mediapipe,Modified_images,0.0001,0.0001,0.8391,0.6131,0.4608,0.0502,0.0195,0.1769,0.1907,0.4285,0.0123,0.0206,0.0152,0.0163,0.0015,0.0,0.0,0.0,0.0,0.034782608695652174,0.06956521739130435,0.4,0.0,0.02608695652173913,0.46956521739130436,0.0,0.0,0.0,0.31313131313131315,0.0,0.0,0.686868686868687,0.0,1.8106966304741409e-07,5.587084288357471e-15,0.804423140604503,0.004575895538408217,3.7997036023795377e-08,0.19100074166219272,3.1281914338656595e-09,0.7997307637419695,0.9532588687909924
4_happy,b,Blur,True,happy,mediapipe,Modified_images,0.0005,0.0002,0.7082,0.6275,0.6668,0.1122,0.1845,0.0057,0.0232,0.0002,0.7648,0.6704,0.0106,0.0141,0.0155,0.0,0.0,0.0,0.0,0.029411764705882353,0.19607843137254902,0.0196078431372549,0.29411764705882354,0.12745098039215685,0.058823529411764705,0.27450980392156865,0.0,0.0,0.0,0.92,0.0,0.0,0.08,0.0012853974997158015,0.00027390370171300675,0.004724027818146631,0.8472955994846872,0.0835514995354292,0.0013648012435454246,0.06150477071676269,0.6898509267978559,0.6734766815516258
4_happy,g,Greyscale,True,happy,mediapipe,Modified_images,0.0003,0.0001,0.6737,0.7018,0.7472,0.0784,0.0714,0.0161,0.0912,0.0004,0.7317,0.6168,0.0065,0.0093,0.0061,0.0,0.0,0.0,0.0,0.029411764705882353,0.19607843137254902,0.0196078431372549,0.29411764705882354,0.12745098039215685,0.058823529411764705,0.27450980392156865,0.0,0.0,0.0,0.898989898989899,0.0,0.0,0.10101010101010102,1.1712307059634174e-05,4.9450891502508864e-09,8.564760950191948e-05,0.9899716223625845,0.0006316364062716018,0.000972503315466381,0.008326873054026728,0.630457457878782,0.6865230103440675
4_happy,l,Low resolution,True,happy,mediapipe,Modified_images,0.0002,0.0001,0.7384,0.7475,0.7922,0.1791,0.0762,0.0117,0.0458,0.0003,0.5038,0.5494,0.01,0.0091,0.0079,0.0,0.0,0.0,0.0,0.029411764705882353,0.19607843137254902,0.0196078431372549,0.29411764705882354,0.12745098039215685,0.058823529411764705,0.27450980392156865,0.0,0.0,0.0,0.98,0.0,0.0,0.02,0.00013217886995180384,3.9330438036041185e-07,0.004732701812089034,0.9922936912951068,0.0004138442354007081,0.0005839713706815317,0.0018432191123896743,0.6267410032761165,0.6370487269658041
4_happy,o,Original,True,happy,mediapipe,Modified_images,0.0003,0.0001,0.6864,0.6967,0.742,0.0863,0.0796,0.0139,0.0841,0.0001,0.7064,0.5673,0.0128,0.0192,0.0219,0.0,0.0,0.0,0.0,0.029411764705882353,0.19607843137254902,0.0196078431372549,0.29411764705882354,0.12745098039215685,0.058823529411764705,0.27450980392156865,0.0,0.0,0.0,0.898989898989899,0.0,0.0,0.10101010101010102,1.1468026011911786e-05,4.825236190592434e-09,8.133153426509913e-05,0.9902669746361006,0.000628591396103052,0.0009409064620848846,0.008070723120198145,0.630301318824602,0.6865230103440675
5_neutral,b,Blur,False,neutral,mediapipe,Modified_images,0.039,0.0258,0.1762,0.0717,0.0933,0.1032,0.0462,0.012,0.0243,0.0005,0.0004,0.0002,0.0085,0.0115,0.0355,0.0,0.0,0.0,0.0,0.04,0.05333333333333334,0.04,0.0,0.3333333333333333,0.0,0.5333333333333333,,,,,,,,0.030353057800486156,0.00018709558732536564,0.7030345125275095,0.007592215120440228,0.0002509656160404934,0.2501793476638906,0.008402805684307674,0.0716410715894497,
5_neutral,g,Greyscale,False,neutral,mediapipe,Modified_images,0.0426,0.0133,0.1522,0.0722,0.1893,0.0582,0.018,0.0277,0.1026,0.0002,0.0011,0.0008,0.0185,0.0211,0.0705,0.0,0.0,0.0,0.0,0.04,0.05333333333333334,0.04,0.0,0.3333333333333333,0.0,0.5333333333333333,0.07920792079207921,0.0,0.0891089108910891,0.0,0.36633663366336633,0.0297029702970297,0.43564356435643564,0.008232614345983076,1.6844399966310327e-06,0.40390545113259857,0.0016272867753741708,2.603943892224082e-05,0.5849450988695399,0.001261824997585309,0.03810645201020223,0.9787746136374805
5_neutral,l,Low resolution,False,neutral,mediapipe,Modified_images,0.0352,0.0163,0.1462,0.0661,0.1562,0.1441,0.0261,0.0138,0.031,0.0002,0.0057,0.0057,0.0234,0.0201,0.0034,0.0,0.0,0.0,0.0,0.04,0.05333333333333334,0.04,0.0,0.3333333333333333,0.0,0.5333333333333333,,,,,,,,0.012281695052839275,6.317496937516606e-06,0.7464799055606928,0.008913564933633288,0.00014994284001583035,0.1568086224342712,0.07535995168161007,0.14530284700575438,
5_neutral,o,Original,False,neutral,mediapipe,Modified_images,0.0606,0.0152,0.1375,0.0341,0.1752,0.1154,0.0238,0.0157,0.0566,0.0003,0.0012,0.0008,0.014,0.019,0.06,0.0,0.0,0.0,0.0,0.04,0.05333333333333334,0.04,0.0,0.3333333333333333,0.0,0.5333333333333333,0.07920792079207921,0.0,0.0891089108910891,0.0,0.36633663366336633,0.0297029702970297,0.43564356435643564,0.008064690951385393,1.6756729283512232e-06,0.4007352577666541,0.0015420374643731192,2.5410055886915608e-05,0.5884191374918798,0.0012117905968924202,0.037693636395374805,0.9787746136374805
6_sad,b,Blur,False,sad,mediapipe,Modified_images,0.1291,0.0382,0.1533,0.0141,0.0341,0.3612,0.1585,0.006,0.0118,0.1294,0.0,0.0,0.0002,0.0004,0.4292,0.0,0.0,0.0,0.0,0.0,0.027777777777777776,0.18055555555555555,0.0,0.5972222222222222,0.0,0.19444444444444445,0.08080808080808081,0.0,0.15151515151515152,0.0,0.35353535353535354,0.0,0.41414141414141414,0.014081081094702713,0.041295457801926554,0.7705328993326177,4.717639277254839e-07,0.16989953843557812,0.0013127301388116243,0.0028778214324354876,0.4687442980809987,0.8542288959599755
6_sad,g,Greyscale,False,sad,mediapipe,Modified_images,0.0545,0.0287,0.2421,0.0245,0.0304,0.5027,0.2922,0.0106,0.0162,0.1038,0.0,0.0,0.0004,0.0005,0.7166,0.0,0.0,0.0,0.0,0.0,0.027777777777777776,0.18055555555555555,0.0,0.5972222222222222,0.0,0.19444444444444445,0.02,0.0,0.14,0.0,0.74,0.01,0.09,0.04472518147081924,0.014478847035382464,0.6593110826506146,6.876146293538083e-07,0.2608376548279308,0.00469221333284598,0.015954333067777778,0.5986402164387851,0.976582248512738
6_sad,l,Low resolution,False,sad,mediapipe,Modified_images,0.1253,0.0657,0.0468,0.0289,0.0549,0.4558,0.2741,0.005,0.0118,0.1015,0.0,0.0,0.0002,0.0004,0.8852,0.0,0.0,0.0,0.0,0.0,0.027777777777777776,0.18055555555555555,0.0,0.5972222222222222,0.0,0.19444444444444445,0.06,0.0,0.03,0.0,0.68,0.01,0.22,0.021150120637881326,0.033082997994748654,0.475701224074732,1.2107880801679763e-07,0.46353493307541077,0.0007151462789239126,0.005815456859495364,0.8381166657200524,0.9674478551437394
6_sad,o,Original,False,sad,mediapipe,Modified_images,0.0558,0.0246,0.2312,0.0294,0.0408,0.4256,0.1824,0.0122,0.0197,0.1193,0.0,0.0,0.0001,0.0001,0.8495,0.0,0.0,0.0,0.0,0.0,0.027777777777777776,0.18055555555555555,0.0,0.5972222222222222,0.0,0.19444444444444445,0.02,0.0,0.14,0.0,0.74,0.01,0.09,0.04481283935347915,0.01535830304489254,0.6572004488641177,7.098816469912075e-07,0.26156862691570293,0.004773252561493435,0.016285819378667434,0.6003493391816721,0.976582248512738
7_surprise,b,Blur,True,surprise,mediapipe,Modified_images,0.0044,0.0083,0.161,0.3515,0.2311,0.011,0.018,0.0714,0.2753,0.0072,0.0001,0.0,0.0041,0.0054,0.3742,0.0,0.0,0.0,0.0,0.041666666666666664,0.0,0.2222222222222222,0.0,0.05555555555555555,0.4861111111111111,0.19444444444444445,0.10101010101010102,0.0,0.17171717171717174,0.010101010101010102,0.13131313131313133,0.23232323232323235,0.35353535353535354,6.527612851308094e-06,3.8392183638965935e-14,1.0113785341849357e-06,3.0996517526090764e-09,0.9999924524234379,3.9443225539757734e-21,5.485486526404588e-09,0.0969581018950053,0.8310995772198501
7_surprise,g,Greyscale,True,surprise,mediapipe,Modified_images,0.0062,0.0096,0.2008,0.2603,0.1948,0.057,0.0743,0.0217,0.1194,0.0032,0.0002,0.0001,0.0059,0.0078,0.4518,0.0,0.0,0.0,0.0,0.041666666666666664,0.0,0.2222222222222222,0.0,0.05555555555555555,0.4861111111111111,0.19444444444444445,,,,,,,,3.76835460087837e-05,7.553457775341912e-14,2.2509823989317684e-06,1.9777142052444195e-08,0.9999598735778723,4.258224673751942e-19,1.721165024080569e-07,0.09696090486414,
7_surprise,l,Low resolution,True,surprise,mediapipe,Modified_images,0.0087,0.0147,0.1418,0.156,0.1451,0.0898,0.0776,0.0189,0.1016,0.0047,0.0012,0.0009,0.1195,0.1008,0.0365,0.0,0.0,0.0,0.0,0.041666666666666664,0.0,0.2222222222222222,0.0,0.05555555555555555,0.4861111111111111,0.19444444444444445,0.0606060606060606,0.0,0.1212121212121212,0.0,0.2222222222222222,0.1919191919191919,0.40404040404040403,9.261651444110471e-06,8.570510777077862e-16,1.130803578674574e-06,3.8908701954882737e-10,0.9999895752937513,3.1791267464976838e-21,3.186213788880575e-08,0.09695835597907376,0.720535647156886
7_surprise,o,Original,True,surprise,mediapipe,Modified_images,0.0095,0.0197,0.1361,0.2127,0.1187,0.0429,0.0556,0.0266,0.1441,0.0037,0.0004,0.0002,0.0046,0.0054,0.2882,0.0,0.0,0.0,0.0,0.041666666666666664,0.0,0.2222222222222222,0.0,0.05555555555555555,0.4861111111111111,0.19444444444444445,,,,,,,,3.389997812224154e-05,8.050113066654587e-14,2.156190028528612e-06,1.749189243846977e-08,0.9999637637765796,3.864916380790816e-19,1.6256329671054718e-07,0.09696058971327577,
8_angry,b,Blur,False,angry,mediapipe,Modified_images,0.2421,0.2052,0.0001,0.0212,0.0245,0.4422,0.2373,0.0029,0.0027,0.0077,0.0001,0.0001,0.0107,0.0083,0.2519,0.0,0.0,0.0,0.0,0.5526315789473685,0.14035087719298245,0.07017543859649122,0.0,0.22807017543859648,0.008771929824561403,0.0,0.95,0.01,0.03,0.0,0.01,0.0,0.0,0.9987859947786774,5.9032954148881884e-08,0.0007459595211702623,2.3370312165154123e-05,0.00044148294898759997,6.722180868035937e-08,3.06618423683903e-06,0.8942468754055137,0.9033076416076627
8_angry,g,Greyscale,False,angry,mediapipe,Modified_images,0.0903,0.0612,0.001,0.0466,0.0699,0.5035,0.2888,0.0033,0.0027,0.0083,0.0041,0.0033,0.284,0.2794,0.0596,0.0,0.0,0.0,0.0,0.5526315789473685,0.14035087719298245,0.07017543859649122,0.0,0.22807017543859648,0.008771929824561403,0.0,0.92,0.0,0.06,0.0,0.02,0.0,0.0,0.9988480063104426,2.882631535998932e-06,0.0005226097653768811,2.543849155414866e-05,0.0005870691647996734,1.5995112371710203e-06,1.2394125053442272e-05,0.8942759749544819,0.9072824109177
8_angry,l,Low resolution,False,angry,mediapipe,Modified_images,0.0475,0.0624,0.003,0.1148,0.0606,0.391,0.4009,0.0051,0.0074,0.0096,0.0,0.0,0.0033,0.0034,0.1322,0.0,0.0,0.0,0.0,0.5526315789473685,0.14035087719298245,0.07017543859649122,0.0,0.22807017543859648,0.008771929824561403,0.0,,,,,,,,0.9785777959339891,2.2586256962920712e-13,0.021394690011121768,6.4166074056989066e-06,2.109654768976012e-05,1.7199599795166965e-10,7.275718828739045e-10,0.8962750741047049,
8_angry,o,Original,False,angry,mediapipe,Modified_images,0.1118,0.0745,0.0007,0.0398,0.0658,0.5171,0.32,0.0032,0.0034,0.0041,0.0003,0.0001,0.0749,0.0682,0.3098,0.0,0.0,0.0,0.0,0.5526315789473685,0.14035087719298245,0.07017543859649122,0.0,0.22807017543859648,0.008771929824561403,0.0,0.92,0.0,0.06,0.0,0.02,0.0,0.0,0.9987885069298088,3.0651043773808076e-06,0.000549075934644341,2.7713248642142507e-05,0.0006167142242148138,1.6940937908116756e-06,1.3230464521711976e-05,0.8942899645210263,0.9072824109177
9_disgust,b,Blur,False,disgust,mediapipe,Modified_images,0.2134,0.0697,0.0024,0.0075,0.0785,0.329,0.1297,0.0031,0.0187,0.0163,0.1735,0.0624,0.0027,0.0038,0.0147,0.0,0.0,0.0,0.0,0.17757009345794392,0.45794392523364486,0.08411214953271028,0.0,0.037383177570093455,0.24299065420560748,0.0,0.57,0.0,0.03,0.03,0.12,0.04,0.21,0.05744421869798744,3.4087184002153966e-06,0.26772720936429434,0.00047492067052780357,0.6532767008660298,6.747663736382397e-05,0.021006065045396476,0.14515762015141148,0.34128831023788986
9_disgust,g,Greyscale,False,disgust,mediapipe,Modified_images,0.2121,0.0914,0.0021,0.0098,0.0699,0.4779,0.0446,0.0069,0.0819,0.0197,0.0983,0.0555,0.004,0.0062,0.0183,0.0,0.0,0.0,0.0,0.17757009345794392,0.45794392523364486,0.08411214953271028,0.0,0.037383177570093455,0.24299065420560748,0.0,0.5742574257425742,0.0,0.10891089108910891,0.019801980198019802,0.1485148514851485,0.019801980198019802,0.12871287128712872,0.36538426862256135,0.002023964355025219,0.1946071024086427,0.0006604215377907378,0.42825920956541247,0.0003242380227984994,0.008740795487769003,0.2968648106769802,0.3542115730877758
9_disgust,l,Low resolution,False,disgust,mediapipe,Modified_images,0.1247,0.0622,0.0072,0.0112,0.0793,0.4243,0.1125,0.0065,0.0288,0.011,0.0818,0.0268,0.0113,0.0152,0.0115,0.0,0.0,0.0,0.0,0.17757009345794392,0.45794392523364486,0.08411214953271028,0.0,0.037383177570093455,0.24299065420560748,0.0,0.27272727272727276,0.0,0.04040404040404041,0.020202020202020204,0.32323232323232326,0.0,0.3434343434343435,0.20654870514350832,0.00027531090475090003,0.4985132265669073,8.348110566289679e-05,0.29258670455110597,0.00018201148295821318,0.001810560245106306,0.26303310856429013,0.21039444729150056
9_disgust,o,Original,False,disgust,mediapipe,Modified_images,0.1964,0.0718,0.003,0.0166,0.0869,0.4332,0.0383,0.0061,0.0784,0.012,0.088,0.0401,0.0059,0.0081,0.0277,0.0,0.0,0.0,0.0,0.17757009345794392,0.45794392523364486,0.08411214953271028,0.0,0.037383177570093455,0.24299065420560748,0.0,0.5742574257425742,0.0,0.10891089108910891,0.019801980198019802,0.1485148514851485,0.019801980198019802,0.12871287128712872,0.3728451983933064,0.002077453446227971,0.19104333038974053,0.000659725266480064,0.42466226145569747,0.00033224326852662213,0.008379787780020881,0.29918892181458645,0.3542115730877758
