img_id,ambiguous,source,version,version_name,cosine_to_original,mean_absolute_change,entropy_change
10_fear,False,Humans (version-specific),b,Blur,0.8967573392789115,0.06581632653061224,0.017691255689347263
10_fear,False,Humans (version-specific),g,Greyscale,0.8912989451569975,0.07661290322580647,0.1309752645494221
10_fear,False,Humans (version-specific),l,Low resolution,0.9301712221025787,0.057432432432432436,0.05550283772344666
11_happy,False,Humans (version-specific),b,Blur,0.9976688556761635,0.015971606033717837,0.01098318242377011
11_happy,False,Humans (version-specific),g,Greyscale,0.9917543952226795,0.04081632653061224,-0.15962818267205858
11_happy,False,Humans (version-specific),l,Low resolution,0.9252915127470067,0.0748299319727891,0.0654587388189346
12_neutral,True,Humans (version-specific),b,Blur,0.7851505166501869,0.09693877551020409,-0.007780804031804256
12_neutral,True,Humans (version-specific),g,Greyscale,0.7036672182012486,0.11337868480725624,-0.042118867571940166
12_neutral,True,Humans (version-specific),l,Low resolution,0.6228876399720361,0.13976499690785404,-0.16313144300815796
13_sad,False,Humans (version-specific),b,Blur,0.9841356626102458,0.05714285714285714,-0.3263278919883925
13_sad,False,Humans (version-specific),g,Greyscale,0.9822191356451218,0.05714285714285714,-0.2113595435400108
13_sad,False,Humans (version-specific),l,Low resolution,0.9547518322068866,0.05714285714285715,-0.06917191601431188
14_surprise,False,Humans (version-specific),b,Blur,0.950895129832262,0.07482993197278913,-0.3579810935964448
14_surprise,False,Humans (version-specific),g,Greyscale,0.9808076838782045,0.04021164021164022,-0.043533079427528154
14_surprise,False,Humans (version-specific),l,Low resolution,0.9345129177312935,0.09523809523809525,-0.4279067310422189
15_angry,True,Humans (version-specific),b,Blur,0.984326938334566,0.030075187969924817,-0.09820973319565002
15_angry,True,Humans (version-specific),g,Greyscale,0.9789148135441657,0.05931495405179616,-0.27693123768610095
15_angry,True,Humans (version-specific),l,Low resolution,0.9349386662747141,0.08599624060150377,0.21598239864227065
16_disgust,False,Humans (version-specific),b,Blur,0.8741572761215378,0.1020408163265306,-0.33493661641523553
16_disgust,False,Humans (version-specific),g,Greyscale,0.8831177731112325,0.09105180533751962,0.06261777576862776
16_disgust,False,Humans (version-specific),l,Low resolution,0.8698189998335926,0.10204081632653061,-0.17838463096147203
17_fear,True,Humans (version-specific),b,Blur,0.7272219786288197,0.11857707509881422,-0.1708702941798974
17_fear,True,Humans (version-specific),g,Greyscale,0.8869574857962208,0.1038961038961039,-0.4570309229219043
17_fear,True,Humans (version-specific),l,Low resolution,0.40794006219005097,0.17965367965367965,-0.5196733941432345
18_happy,True,Humans (version-specific),b,Blur,0.8464322368801112,0.10204081632653061,-0.3194868646095121
18_happy,True,Humans (version-specific),g,Greyscale,0.9596450644356112,0.0533751962323391,-0.10670147432880894
18_happy,True,Humans (version-specific),l,Low resolution,0.9614822035714802,0.052721088435374146,-0.2725158676104254
19_neutral,True,Humans (version-specific),b,Blur,0.9464758511305339,0.04204491161012901,-0.0693582211142435
19_neutral,True,Humans (version-specific),g,Greyscale,0.9621242435929414,0.05014952841039798,-0.08562174372506581
19_neutral,True,Humans (version-specific),l,Low resolution,0.8647049330937013,0.07867494824016563,0.19903888699443983
1_angry,False,Humans (version-specific),b,Blur,0.9805633456878432,0.04195804195804196,0.2073719127492269
1_angry,False,Humans (version-specific),g,Greyscale,0.93885211773158,0.08403361344537817,0.39354961113033265
1_angry,False,Humans (version-specific),l,Low resolution,0.9565534366528158,0.07692307692307691,0.35529452512964527
20_sad,True,Humans (version-specific),b,Blur,0.436995065550004,0.19999999999999998,0.43376561825111254
20_sad,True,Humans (version-specific),g,Greyscale,0.4580641068144919,0.1978021978021978,0.5040172830710254
20_sad,True,Humans (version-specific),l,Low resolution,0.5956085008866426,0.16553287981859408,0.48756135940420314
21_surprise,False,Humans (version-specific),b,Blur,0.97182531580755,0.08333333333333333,0.47193510583061543
21_surprise,False,Humans (version-specific),g,Greyscale,0.9945054529214059,0.027210884353741496,0.16161702092673091
21_surprise,False,Humans (version-specific),l,Low resolution,0.9486832980505138,0.07142857142857142,0.28898309867585964
22_angry,False,Humans (version-specific),b,Blur,0.9653278674479051,0.05714285714285713,-0.10060399052031713
22_angry,False,Humans (version-specific),g,Greyscale,0.823529411764706,0.10612244897959185,0.2973363310840868
22_angry,False,Humans (version-specific),l,Low resolution,0.9470405551763815,0.05714285714285715,-0.013496568941325754
23_disgust,False,Humans (version-specific),b,Blur,0.8692461445112777,0.09090909090909091,0.20494780236162163
23_disgust,False,Humans (version-specific),g,Greyscale,0.940735271765315,0.06493506493506494,-0.04388624027238422
23_disgust,False,Humans (version-specific),l,Low resolution,0.9424906630890505,0.07331378299120235,0.3217403297022978
24_fear,False,Humans (version-specific),b,Blur,0.8448589411932211,0.09781843771991557,-0.23546895834858889
24_fear,False,Humans (version-specific),g,Greyscale,0.9197751530577514,0.054981725726998255,-0.06937639317864619
24_fear,False,Humans (version-specific),l,Low resolution,0.8702124219323033,0.06896551724137931,-0.13516372746743777
25_happy,False,Humans (version-specific),b,Blur,0.9752823267321078,0.03274985883681536,0.018870310676323054
25_happy,False,Humans (version-specific),g,Greyscale,0.9607689228305227,0.06015037593984963,0.24670662388602083
25_happy,False,Humans (version-specific),l,Low resolution,0.9003353480179435,0.07001693958215696,0.0876067824592755
26_neutral,False,Humans (version-specific),b,Blur,0.37416573867739417,0.21978021978021975,-0.40095247124725253
26_neutral,False,Humans (version-specific),g,Greyscale,0.4638427389075043,0.19380619380619382,-0.43802204711755555
26_neutral,False,Humans (version-specific),l,Low resolution,0.4034788710460131,0.19120879120879122,-0.42751443141282397
27_sad,False,Humans (version-specific),b,Blur,0.97174573726123,0.0557029177718833,-0.06291619229034834
27_sad,False,Humans (version-specific),g,Greyscale,0.8716722768504426,0.08481473548939815,-0.14639013445833748
27_sad,False,Humans (version-specific),l,Low resolution,0.9764913202115265,0.03940886699507389,-0.09209590595833372
28_surprise,True,Humans (version-specific),b,Blur,0.8669214468630106,0.14906832298136646,-0.7375602662649684
28_surprise,True,Humans (version-specific),g,Greyscale,0.9119120440594574,0.09855072463768114,-0.2951701635928837
28_surprise,True,Humans (version-specific),l,Low resolution,0.8574387808033715,0.11466794075489727,-0.30404231458906206
29_angry,False,Humans (version-specific),b,Blur,0.9743174160254622,0.05442176870748299,0.2316320065248862
29_angry,False,Humans (version-specific),g,Greyscale,0.9911231923051657,0.03371783496007098,0.1446037371778418
29_angry,False,Humans (version-specific),l,Low resolution,0.9887584971798467,0.03918367346938776,0.18004556075367817
2_disgust,False,Humans (version-specific),b,Blur,0.9079855931509833,0.09216589861751152,0.18663363620381196
2_disgust,False,Humans (version-specific),g,Greyscale,0.9552357026015895,0.04897959183673469,-0.04711418452788857
2_disgust,False,Humans (version-specific),l,Low resolution,0.849577646962196,0.1142857142857143,-0.18771791178832586
30_disgust,False,Humans (version-specific),b,Blur,0.4387267976856654,0.18095238095238095,0.4183707848053334
30_disgust,False,Humans (version-specific),g,Greyscale,0.532948040099012,0.16326530612244897,0.4226203776736275
30_disgust,False,Humans (version-specific),l,Low resolution,0.6510180115869748,0.12987012987012986,0.3609184173335308
31_fear,False,Humans (version-specific),b,Blur,0.8393960363971785,0.12939325056828116,0.4248574214744895
31_fear,False,Humans (version-specific),g,Greyscale,0.9903751369442766,0.04511278195488722,-0.27579102906938496
31_fear,False,Humans (version-specific),l,Low resolution,0.9903751369442766,0.04511278195488722,-0.27579102906938496
32_happy,False,Humans (version-specific),b,Blur,0.9469475141451262,0.049230769230769224,0.0385964364264616
32_happy,False,Humans (version-specific),g,Greyscale,0.9757162520935708,0.04029304029304031,-0.08565686393328895
32_happy,False,Humans (version-specific),l,Low resolution,0.9138115486202573,0.08791208791208792,-0.3171995223057939
33_neutral,False,Humans (version-specific),b,Blur,0.9977851578566089,0.017857142857142856,-0.12014514586912392
33_neutral,False,Humans (version-specific),g,Greyscale,0.9518851368268351,0.08791208791208792,0.306656587854523
33_neutral,False,Humans (version-specific),l,Low resolution,0.9867460149568333,0.03726708074534162,0.07884265188420078
34_sad,False,Humans (version-specific),b,Blur,0.9148074042510733,0.08571428571428572,-0.07300812220692487
34_sad,False,Humans (version-specific),g,Greyscale,0.9807613032004019,0.033497536945812804,-0.017764863773231054
34_sad,False,Humans (version-specific),l,Low resolution,0.9020474545666525,0.08571428571428572,-0.152054310074554
3_fear,False,Humans (version-specific),b,Blur,0.969407316723498,0.04016672982190223,0.16448544902356804
3_fear,False,Humans (version-specific),g,Greyscale,0.8114597086668108,0.1136794240242516,-0.2696493938573552
3_fear,False,Humans (version-specific),l,Low resolution,0.9542424868399829,0.056795131845841784,-0.02418406975983084
4_happy,True,Humans (version-specific),b,Blur,0.4023461666189998,0.20009157509157507,-0.08550068542593892
4_happy,True,Humans (version-specific),g,Greyscale,0.816305037622049,0.08653846153846155,-0.007498250453747302
4_happy,True,Humans (version-specific),l,Low resolution,0.6760902823972504,0.16428571428571428,-0.568344384898454
5_neutral,False,Humans (version-specific),b,Blur,0.7104500193845968,0.13333333333333333,0.22919520859465184
5_neutral,False,Humans (version-specific),g,Greyscale,0.8025278867665655,0.15555555555555559,0.639031934479006
5_neutral,False,Humans (version-specific),l,Low resolution,0.7492134785475666,0.13968253968253969,0.4063685535911741
6_sad,False,Humans (version-specific),b,Blur,0.9458757059274912,0.061224489795918366,-0.1694747963363613
6_sad,False,Humans (version-specific),g,Greyscale,0.9404134892359588,0.05700211118930332,0.15024431940938338
6_sad,False,Humans (version-specific),l,Low resolution,0.9362131312195202,0.06122448979591837,-0.1471395642730539
7_surprise,True,Humans (version-specific),b,Blur,0.6012715305841442,0.13664596273291924,-0.08163252836148716
7_surprise,True,Humans (version-specific),g,Greyscale,0.6581451817144176,0.1739130434782609,-0.6240334708702852
7_surprise,True,Humans (version-specific),l,Low resolution,0.6417445029995386,0.12091097308488614,-0.0019298014047838263
8_angry,False,Humans (version-specific),b,Blur,0.9204492874440735,0.09523809523809525,-0.33005379305008936
8_angry,False,Humans (version-specific),g,Greyscale,0.8330339598307457,0.0857142857142857,-0.10242459392910752
8_angry,False,Humans (version-specific),l,Low resolution,0.9789641309524699,0.038827838827838815,0.09180315367441871
9_disgust,False,Humans (version-specific),b,Blur,0.8391118273172136,0.09566903684550743,0.1664180850422164
9_disgust,False,Humans (version-specific),g,Greyscale,0.929850571962226,0.06985871271585556,0.21333847057127225
9_disgust,False,Humans (version-specific),l,Low resolution,0.6861255693478695,0.14468864468864467,0.24523199922979438
10_fear,False,FER,b,Blur,0.9932535175335816,0.02020202020202019,0.05739881066545438
10_fear,False,FER,g,Greyscale,1.0,0.0,0.0
10_fear,False,FER,l,Low resolution,0.962307777224821,0.04329004329004328,-0.005479435710221581
11_happy,False,FER,b,Blur,0.9997875053099682,0.0057720057720057755,-0.05078564492850158
11_happy,False,FER,g,Greyscale,0.9999999999999999,0.0,0.0
11_happy,False,FER,l,Low resolution,0.9997875053099682,0.0057720057720057755,-0.05078564492850158
12_neutral,True,FER,b,Blur,0.9913651119913004,0.034681753889674684,-0.10856112884065966
12_neutral,True,FER,g,Greyscale,1.0000000000000002,0.0,0.0
12_neutral,True,FER,l,Low resolution,0.9807671013498899,0.03615275813295617,0.059213356318147725
13_sad,False,FER,b,Blur,0.9984010776263509,0.009985569985569995,0.02938553561912638
13_sad,False,FER,g,Greyscale,1.0,0.0,0.0
13_sad,False,FER,l,Low resolution,0.9849213868049591,0.02571428571428572,-0.014328180585473249
14_surprise,False,FER,b,Blur,0.8998660382197623,0.08333804809052334,-0.1801321826590122
14_surprise,False,FER,g,Greyscale,1.0000000000000002,0.0,0.0
14_surprise,False,FER,l,Low resolution,0.9235590120612578,0.06507936507936508,-0.11458097225227154
15_angry,True,FER,b,Blur,0.830425516584605,0.07855699855699856,-0.05297722510109493
15_angry,True,FER,g,Greyscale,1.0,0.0,0.0
15_angry,True,FER,l,Low resolution,0.9757082943275401,0.035786435786435776,-0.04261929407152509
16_disgust,False,FER,b,Blur,0.9443567078254539,0.09679653679653678,0.46687549849000526
16_disgust,False,FER,g,Greyscale,0.9999999999999999,0.0,0.0
16_disgust,False,FER,l,Low resolution,0.990195372787666,0.034256854256854256,0.11840659757203975
17_fear,True,FER,b,Blur,0.9279208689685999,0.05428571428571428,-0.006709935293166991
17_fear,True,FER,g,Greyscale,0.9999999999999999,0.0,0.0
17_fear,True,FER,l,Low resolution,0.9502052764115072,0.044582743988684594,0.053191019222314395
18_happy,True,FER,b,Blur,0.9826118092930355,0.028860028860028863,-0.04102942063277987
18_happy,True,FER,g,Greyscale,1.0000000000000002,0.0,0.0
18_happy,True,FER,l,Low resolution,0.9990663420567075,0.007243867243867242,0.025811971985890136
19_neutral,True,FER,b,Blur,0.9948711961081794,0.01731601731601733,0.05865706127197323
19_neutral,True,FER,g,Greyscale,1.0000000000000002,0.0,0.0
19_neutral,True,FER,l,Low resolution,0.9416213674933347,0.047359307359307365,-0.04291687844906744
1_angry,False,FER,b,Blur,0.8330754770899813,0.09936507936507936,0.2004062113123663
1_angry,False,FER,g,Greyscale,1.0,0.0,0.0
1_angry,False,FER,l,Low resolution,0.884870396248837,0.08658008658008658,0.20292040042248932
20_sad,True,FER,b,Blur,0.9433344299523057,0.060000000000000005,0.16667656828997945
20_sad,True,FER,g,Greyscale,1.0,0.0,0.0
20_sad,True,FER,l,Low resolution,0.9843989965949214,0.04,-0.14356295577219785
21_surprise,False,FER,b,Blur,0.9531301144468384,0.08848484848484849,-0.43135510999928517
21_surprise,False,FER,g,Greyscale,1.0,0.0,0.0
21_surprise,False,FER,l,Low resolution,0.9570278621473779,0.06857142857142857,0.19029531327982885
22_angry,False,FER,b,Blur,0.9998833311380816,0.005629420084865617,-0.04824942993446377
22_angry,False,FER,g,Greyscale,1.0,0.0,0.0
22_angry,False,FER,l,Low resolution,0.9962544773605397,0.02931721743602933,0.15938499858642344
23_disgust,False,FER,b,Blur,0.9999457499842113,0.0028288543140028303,0.02674673617584003
23_disgust,False,FER,g,Greyscale,1.0000000000000002,0.0,0.0
23_disgust,False,FER,l,Low resolution,0.9998847004417836,0.0057720057720057755,-0.04337546755262712
24_fear,False,FER,b,Blur,0.9994285822531006,0.011428571428571432,0.05942311548296217
24_fear,False,FER,g,Greyscale,0.9999999999999999,0.0,0.0
24_fear,False,FER,l,Low resolution,0.9979280346119174,0.020432900432900438,0.10474103453944267
25_happy,False,FER,b,Blur,0.9602804946451489,0.06372065778006372,0.2615538184764792
25_happy,False,FER,g,Greyscale,0.9999999999999999,0.0,0.0
25_happy,False,FER,l,Low resolution,0.9942337198899043,0.02908862314802909,0.16781439947795462
26_neutral,False,FER,b,Blur,,,
26_neutral,False,FER,g,Greyscale,,,
26_neutral,False,FER,l,Low resolution,,,
27_sad,False,FER,b,Blur,0.998952803404988,0.011428571428571432,-0.030242152640532205
27_sad,False,FER,g,Greyscale,0.9999999999999998,0.0,0.0
27_sad,False,FER,l,Low resolution,0.9951436091494911,0.02857142857142857,-0.12520301163978215
28_surprise,True,FER,b,Blur,0.943919613217578,0.05483405483405484,0.03760732336589878
28_surprise,True,FER,g,Greyscale,1.0,0.0,0.0
28_surprise,True,FER,l,Low resolution,0.9078406512044435,0.06492077779206493,-0.13358163239949583
29_angry,False,FER,b,Blur,0.999948988700964,0.002857142857142859,0.028779095675118695
29_angry,False,FER,g,Greyscale,1.0,0.0,0.0
29_angry,False,FER,l,Low resolution,0.9998979852075899,0.0056577086280056605,0.057039190139609765
2_disgust,False,FER,b,Blur,0.9662791427907026,0.058470418470418464,0.19530932822786978
2_disgust,False,FER,g,Greyscale,1.0,0.0,0.0
2_disgust,False,FER,l,Low resolution,0.9829620670425545,0.04571428571428572,0.1400515696137849
30_disgust,False,FER,b,Blur,0.6548692951509864,0.14857142857142858,0.3767436960707042
30_disgust,False,FER,g,Greyscale,1.0000000000000002,0.0,0.0
30_disgust,False,FER,l,Low resolution,0.21960557795729801,0.21428571428571433,0.23745454646035496
31_fear,False,FER,b,Blur,0.9656644941636513,0.0396039603960396,0.010872892645514831
31_fear,False,FER,g,Greyscale,1.0,0.0,0.0
31_fear,False,FER,l,Low resolution,0.9868290127214708,0.023459488806023474,0.013216934144721693
32_happy,False,FER,b,Blur,0.9881525959491487,0.02857142857142856,-0.08600841451635621
32_happy,False,FER,g,Greyscale,1.0,0.0,0.0
32_happy,False,FER,l,Low resolution,0.9427708810235933,0.059595959595959584,-0.11993781583387514
33_neutral,False,FER,b,Blur,0.8237370359100605,0.09945165945165946,-0.1788889457388831
33_neutral,False,FER,g,Greyscale,1.0,0.0,0.0
33_neutral,False,FER,l,Low resolution,0.8009939862019185,0.11962481962481962,-0.30145353671482356
34_sad,False,FER,b,Blur,0.963271199986872,0.04285714285714285,0.08724094113155212
34_sad,False,FER,g,Greyscale,0.9999999999999999,0.0,0.0
34_sad,False,FER,l,Low resolution,0.9731682689848133,0.037142857142857144,0.11251200136905681
3_fear,False,FER,b,Blur,0.9612191266394516,0.05232323232323231,-0.12086709381570776
3_fear,False,FER,g,Greyscale,1.0,0.0,0.0
3_fear,False,FER,l,Low resolution,0.9395688717580438,0.06481962481962482,0.2746405921935743
4_happy,True,FER,b,Blur,0.9996837069465817,0.006002886002886008,-0.024938134442639454
4_happy,True,FER,g,Greyscale,1.0000000000000002,0.0,0.0
4_happy,True,FER,l,Low resolution,0.99581817115967,0.023145743145743143,-0.11781511469611877
5_neutral,False,FER,b,Blur,,,
5_neutral,False,FER,g,Greyscale,0.9999999999999999,0.0,0.0
5_neutral,False,FER,l,Low resolution,,,
6_sad,False,FER,b,Blur,0.7425713259854901,0.11327561327561328,0.1967241279222321
6_sad,False,FER,g,Greyscale,1.0,0.0,0.0
6_sad,False,FER,l,Low resolution,0.9701456802973918,0.048571428571428564,0.03922628938105294
7_surprise,True,FER,b,Blur,,,
7_surprise,True,FER,g,Greyscale,,,
7_surprise,True,FER,l,Low resolution,,,
8_angry,False,FER,b,Blur,0.9993195167594066,0.011428571428571416,-0.03994398871309254
8_angry,False,FER,g,Greyscale,1.0000000000000002,0.0,0.0
8_angry,False,FER,l,Low resolution,,,
9_disgust,False,FER,b,Blur,0.9815632296865331,0.03190947666195191,-0.010648523652102226
9_disgust,False,FER,g,Greyscale,0.9999999999999999,0.0,0.0
9_disgust,False,FER,l,Low resolution,0.7515922496609897,0.1113825668281114,0.0166935727447054
10_fear,False,DeepFace,b,Blur,0.5302840837347539,0.16550615757135773,0.31719917063101216
10_fear,False,DeepFace,g,Greyscale,0.9999557599668274,0.0017311168560202026,-0.003345946505788344
10_fear,False,DeepFace,l,Low resolution,0.9017081159475564,0.08472526298468094,0.2649766419008705
11_happy,False,DeepFace,b,Blur,0.9999979205159805,0.000519024919330646,-0.0006965972721390615
11_happy,False,DeepFace,g,Greyscale,0.9999999871971693,5.695074208693821e-05,-0.0006187056127049638
11_happy,False,DeepFace,l,Low resolution,0.9998814481526382,0.006913592706308376,0.06838328063163082
12_neutral,True,DeepFace,b,Blur,0.6738466731210172,0.12664251641738117,0.2561999445534424
12_neutral,True,DeepFace,g,Greyscale,0.9999887771561957,0.0013170013778790164,0.005214741724693994
12_neutral,True,DeepFace,l,Low resolution,0.8228321047717406,0.1031351913378585,0.24512720374874508
13_sad,False,DeepFace,b,Blur,0.7937341646251637,0.10756778424521607,0.15377202580550708
13_sad,False,DeepFace,g,Greyscale,0.9999925348454745,0.0008478348335623482,-0.0028485424876940058
13_sad,False,DeepFace,l,Low resolution,0.8262492938616612,0.10220714341949758,0.197679139216473
14_surprise,False,DeepFace,b,Blur,0.9651914218639357,0.07294184715478029,0.34408343957458426
14_surprise,False,DeepFace,g,Greyscale,0.9999996469641232,0.0002370262518639956,-0.00171549830918908
14_surprise,False,DeepFace,l,Low resolution,0.15759018485145992,0.24918559405943988,0.3544801834734657
15_angry,True,DeepFace,b,Blur,0.8020825949543774,0.14284126424779625,0.5406461097180916
15_angry,True,DeepFace,g,Greyscale,0.9999999953952831,3.511009295520275e-05,-0.00034152299232220046
15_angry,True,DeepFace,l,Low resolution,0.49988510446965273,0.20298452865932795,0.585903044008463
16_disgust,False,DeepFace,b,Blur,0.4831373914608226,0.17281803589183029,-0.24688042929276782
16_disgust,False,DeepFace,g,Greyscale,0.9997518687171818,0.002947249563218425,0.004242114720460988
16_disgust,False,DeepFace,l,Low resolution,0.687168457248739,0.10580984854707458,0.08724221537136967
17_fear,True,DeepFace,b,Blur,0.9487790446542627,0.07439749968486134,0.2866533928182007
17_fear,True,DeepFace,g,Greyscale,0.9999559698490758,0.002348555072653581,-0.009970765457379571
17_fear,True,DeepFace,l,Low resolution,0.19301990124293636,0.2327019197045855,0.15827614248484614
18_happy,True,DeepFace,b,Blur,0.9940789578387015,0.02648008464665524,-0.09777773964793257
18_happy,True,DeepFace,g,Greyscale,0.9999817527415702,0.0013212121822305616,0.002319406362092019
18_happy,True,DeepFace,l,Low resolution,0.9950744937957401,0.023771529987468343,-0.10157368420120216
19_neutral,True,DeepFace,b,Blur,0.6056162739327784,0.14145032740260088,0.24769604182891636
19_neutral,True,DeepFace,g,Greyscale,0.9999983605899869,0.00044179017043507297,0.0018487369078762361
19_neutral,True,DeepFace,l,Low resolution,0.9948997148324991,0.017978227858181484,0.02679047929993794
1_angry,False,DeepFace,b,Blur,0.9998469060264568,0.005588433993713073,0.045873578254588654
1_angry,False,DeepFace,g,Greyscale,0.9999999960580378,2.730398288579061e-05,0.0002536667823010777
1_angry,False,DeepFace,l,Low resolution,0.9980064779149789,0.023061875744355437,0.16949408838284266
20_sad,True,DeepFace,b,Blur,0.9996624403961549,0.008973558982150178,-0.05691742655118964
20_sad,True,DeepFace,g,Greyscale,0.9999945874284976,0.0007813343067901311,0.002867918320465318
20_sad,True,DeepFace,l,Low resolution,0.9982995846286012,0.014434430214036972,-0.04903036734783989
21_surprise,False,DeepFace,b,Blur,0.99575849745848,0.02354410378327356,0.12222613854387696
21_surprise,False,DeepFace,g,Greyscale,0.999999995474878,2.675159205797565e-05,-0.0001939737330425087
21_surprise,False,DeepFace,l,Low resolution,0.999805387594357,0.005320922041493725,0.03344986037163321
22_angry,False,DeepFace,b,Blur,0.9812094359675535,0.03706845254579759,0.12136185029675267
22_angry,False,DeepFace,g,Greyscale,0.9996499885733592,0.004378061211694637,-0.0071591385907432414
22_angry,False,DeepFace,l,Low resolution,0.9084137282615224,0.0902001954357529,-0.319633575235484
23_disgust,False,DeepFace,b,Blur,0.9999965317503288,0.0009399726446860749,0.011871920550823338
23_disgust,False,DeepFace,g,Greyscale,0.9999999999208558,4.479487528976047e-06,6.793033134466341e-05
23_disgust,False,DeepFace,l,Low resolution,0.999826917721507,0.008572286906663723,0.08499862609610113
24_fear,False,DeepFace,b,Blur,0.9914877619989838,0.02399229196489359,-0.04901984406809834
24_fear,False,DeepFace,g,Greyscale,0.9999953563721605,0.0005252767004477647,-0.0009442258068358966
24_fear,False,DeepFace,l,Low resolution,0.979775410555243,0.03864099351395718,-0.09029064786549004
25_happy,False,DeepFace,b,Blur,0.9999817668138015,0.002348395065837214,-0.023700247688275652
25_happy,False,DeepFace,g,Greyscale,0.9999999753911649,8.0148628494135e-05,0.0007334582802669895
25_happy,False,DeepFace,l,Low resolution,0.9998088395306748,0.007427256001021252,0.061069365703597195
26_neutral,False,DeepFace,b,Blur,0.742706487808244,0.13087434137768633,0.30105859462193835
26_neutral,False,DeepFace,g,Greyscale,0.999949433703509,0.0028362994829332004,0.0114421580329499
26_neutral,False,DeepFace,l,Low resolution,0.14055880383147878,0.23684153505795216,0.03184831927653381
27_sad,False,DeepFace,b,Blur,0.6501023982320724,0.1383226647722024,0.008188264482243912
27_sad,False,DeepFace,g,Greyscale,0.9999042589923913,0.0021036291925166524,0.0009527505446014772
27_sad,False,DeepFace,l,Low resolution,0.9016219903327191,0.07451485480442507,-0.04569136867955942
28_surprise,True,DeepFace,b,Blur,0.9301816274103718,0.07188935933771692,0.08908416139917191
28_surprise,True,DeepFace,g,Greyscale,0.9999974572893793,0.0006417009058325768,0.00193276338379883
28_surprise,True,DeepFace,l,Low resolution,0.9016119542990937,0.08423860423133149,0.07078106974736731
29_angry,False,DeepFace,b,Blur,0.9855151966035812,0.040407750264285336,0.17380877523257354
29_angry,False,DeepFace,g,Greyscale,0.9999998378182379,0.00015813000640211043,0.0010603559961851888
29_angry,False,DeepFace,l,Low resolution,0.8806336150748151,0.09663829448465876,0.27256588562761563
2_disgust,False,DeepFace,b,Blur,0.8208547259352883,0.07997098573284231,-0.12135132066041954
2_disgust,False,DeepFace,g,Greyscale,0.999476410719314,0.004227444048487287,-0.0036962343438502465
2_disgust,False,DeepFace,l,Low resolution,0.7141895239390251,0.11275480035247773,-0.23812254370518626
30_disgust,False,DeepFace,b,Blur,0.21785290007582983,0.22133570041315445,0.0036023228641737792
30_disgust,False,DeepFace,g,Greyscale,0.9999895539095348,0.0010662870295774496,-0.003465129319760174
30_disgust,False,DeepFace,l,Low resolution,0.9995219493630226,0.011817289815517126,-0.06474072550490281
31_fear,False,DeepFace,b,Blur,0.9999984615999272,0.0004954775456846554,0.0040117114280509535
31_fear,False,DeepFace,g,Greyscale,0.9999999973498959,2.021089683064339e-05,-0.00014497310404382353
31_fear,False,DeepFace,l,Low resolution,0.9999749512355794,0.002876206602316455,0.031076715660542698
32_happy,False,DeepFace,b,Blur,0.999733097631003,0.005807726788764749,0.02702286485966446
32_happy,False,DeepFace,g,Greyscale,0.9999998408192265,0.00014459307335084573,0.0007416990206079166
32_happy,False,DeepFace,l,Low resolution,0.9985185895536416,0.014737961777221665,-0.0987175891850357
33_neutral,False,DeepFace,b,Blur,0.033858703529518856,0.26000225464628474,0.47226309143590817
33_neutral,False,DeepFace,g,Greyscale,0.9999985461986204,0.0005150213981598601,0.0026325285580397206
33_neutral,False,DeepFace,l,Low resolution,0.9986779120132926,0.01822775854889181,0.10656469544231442
34_sad,False,DeepFace,b,Blur,0.9976979780338422,0.020586439768235595,0.10632337087908802
34_sad,False,DeepFace,g,Greyscale,0.9999918987321693,0.0012666061072996542,-0.00785501282646478
34_sad,False,DeepFace,l,Low resolution,0.9584137691143395,0.08155655875706046,0.3559767610394765
3_fear,False,DeepFace,b,Blur,0.6219398755445729,0.1391240720802697,0.07033741722389669
3_fear,False,DeepFace,g,Greyscale,0.9999943245555988,0.0006827302561016527,-0.001946738842678819
3_fear,False,DeepFace,l,Low resolution,0.460579583531406,0.17362274376274406,-0.003045197561768853
4_happy,True,DeepFace,b,Blur,0.9931867618337036,0.040848964328975265,0.25887625694867145
4_happy,True,DeepFace,g,Greyscale,0.9999999653649125,8.438636386174301e-05,0.0007775161984911322
4_happy,True,DeepFace,l,Low resolution,0.9999691218014616,0.0019426246456897694,-0.003748501140203933
5_neutral,False,DeepFace,b,Blur,0.8071080366186719,0.09663993995085406,0.02340649829562108
5_neutral,False,DeepFace,g,Greyscale,0.9999792422547299,0.000992582463525653,0.0014044756162310268
5_neutral,False,DeepFace,l,Low resolution,0.7174808412641982,0.1233172900164596,0.033578989511441726
6_sad,False,DeepFace,b,Blur,0.9853003658777348,0.039791315778724044,-0.10448492102662138
6_sad,False,DeepFace,g,Greyscale,0.9999968805958338,0.0006030382247133927,-0.0030175014600953842
6_sad,False,DeepFace,l,Low resolution,0.9228354211035397,0.06276885745987544,0.008608911342290637
7_surprise,True,DeepFace,b,Blur,0.9999999996246767,8.19675624522858e-06,-0.00016265556413506873
7_surprise,True,DeepFace,g,Greyscale,0.9999999999928366,1.11148534635752e-06,2.0638904553565637e-05
7_surprise,True,DeepFace,l,Low resolution,0.999999999695914,7.374719191943829e-06,-0.00014508246058832626
8_angry,False,DeepFace,b,Blur,0.9999999651138719,5.625245329311578e-05,-5.458278695310518e-05
8_angry,False,DeepFace,g,Greyscale,0.9999999992036049,1.6999823038235927e-05,-0.00023437382034964364
8_angry,False,DeepFace,l,Low resolution,0.9997727765435931,0.005955889736136401,0.04797620474842326
9_disgust,False,DeepFace,b,Blur,0.8282441878500055,0.09083559875721765,-0.11698697697034438
9_disgust,False,DeepFace,g,Greyscale,0.9998865380629388,0.0021492640307645542,0.0014511360977134125
9_disgust,False,DeepFace,l,Low resolution,0.8096901262322629,0.08784854176490478,-0.030703549120162266
